y,word,pos,length,freq,unigram,w1,w1w2,p0w1,p0w1w2,p0p1w1,p0p1w1w2
26.023255228096303,all,function_words,3,4669.0000000000,0.0030426700,0.0179422940,0.0361620184,0.0593077479,0.0649159631,0.0584028385,0.0582909846
22.883170779844534,dance,verbs,5,192.0000000000,0.0001203060,0.0084033470,0.1105614209,0.0172003451,0.1655954548,0.0167082419,0.1656412571
16.924222975382765,ouch,other,4,150.0000000000,0.0000932005,0.0003255658,0.0003319465,0.0002728451,0.0002204273,0.0002906340,0.0002545125
23.729716630460892,yellow,adjectives,6,821.0000000000,0.0005275970,0.0018196523,0.0078266563,0.0082038663,0.0374423650,0.0079348128,0.0449355070
26.18141075170761,penis,nouns,5,4.0000000000,,,,,,,
26.790996306915,windy,adjectives,5,36.0000000000,0.0000225844,0.0000117114,0.0000099597,0.0001527214,0.0001007722,0.0001913688,0.0001670262
30.215734410798937,skate,verbs,5,12.0000000000,0.0000054653,0.0076970700,0.0146743287,0.0198616343,0.1123628500,0.0170284287,0.1123628500
22.375606909077955,sleep,verbs,5,303.0000000000,0.0001923490,0.0056229643,0.0572147246,0.0227188957,0.1354470526,0.0171221818,0.0749273276
26.47929069264927,dish,nouns,4,39.0000000000,0.0000247243,0.0005704140,0.0005352260,0.0003959300,0.0153571000,0.0004114970,0.0153571000
20.229166557598372,chair,nouns,5,745.0000000000,0.0004826590,0.0542312862,0.1067378236,0.0777417297,0.1107190462,0.0770146127,0.0888190014
33.40549267415279,hate,verbs,4,19.0000000000,0.0000125982,0.0009200600,0.0444129000,0.0048676400,0.1996060000,0.0041879400,0.1635770000
17.41795394022616,milk,nouns,4,483.0000000000,0.0003121820,0.0532054909,0.0636629363,0.0566865339,0.0792035209,0.0592227829,0.0816882655
24.593547322405648,hold,verbs,4,995.0000000000,0.0006552750,0.0039350275,0.0061725762,0.0344881683,0.0325422613,0.0327269410,0.0397646883
22.73101362876104,tickle,verbs,6,542.0000000000,0.0003556930,0.2026986021,0.2754844497,0.3075642039,0.3409854796,0.2997665657,0.1736362527
27.22842495335402,to,function_words,2,18572.0000000000,0.0120972000,0.1891228777,0.2989344253,0.3053137563,0.3632225864,0.3039975076,0.3128993957
31.013211762033148,does,verbs,4,1942.0000000000,0.0012480200,0.0170633421,0.0435381767,0.0232821939,0.0451571674,0.0245963630,0.0480487960
29.89980121135788,those,function_words,5,1866.0000000000,0.0012073700,0.0064650094,0.0155192352,0.0149186528,0.0306060116,0.0135815945,0.0268778179
26.320329733330965,under,function_words,5,488.0000000000,0.0003250220,0.0029882102,0.0297508994,0.0040056827,0.0552061651,0.0039542836,0.0552700203
27.392785061180852,melon,nouns,5,6.0000000000,,,,,,,
26.353412962088083,smile,verbs,5,59.0000000000,0.0000354237,0.0000588268,0.0000494030,0.0002411617,0.0001521385,0.0002870760,0.0002350253
26.4364432376507,brown,adjectives,5,421.0000000000,0.0002665310,0.0245935994,0.0593904147,0.1351257362,0.1616145345,0.1377224327,0.1608607878
28.36408287853539,garden,nouns,6,98.0000000000,0.0000668085,0.0004796970,0.0004200490,0.0004197220,0.0002504490,0.0004400510,0.0002532320
19.903709202066764,blanket,nouns,7,94.0000000000,0.0000618156,0.0130835735,0.1510624332,0.1126836302,0.2136930478,0.1771459395,0.1817889270
17.26248834984024,kitty,nouns,5,1407.0000000000,0.0008556909,0.0069585811,0.0301363730,0.0567921164,0.1034913201,0.0612148042,0.1023807954
18.675097278024364,peekaboo,other,8,442.0000000000,0.0002758040,0.0027013537,0.0044103851,0.0350587039,0.0425985634,0.0246731643,0.0354814383
19.471977672255708,spoon,nouns,5,404.0000000000,0.0002586850,0.0060875472,0.0155676601,0.0235956169,0.0419580807,0.0218861211,0.0258804624
32.15239116807415,every,function_words,5,160.0000000000,0.0001031870,0.0003443484,0.0094532726,0.0005419774,0.0202282617,0.0005045937,0.0202412848
22.87169478293961,fall,verbs,4,396.0000000000,0.0002586850,0.0037081369,0.0129595397,0.0165251460,0.0210987474,0.0142877729,0.0194492384
24.62698132789379,cook,verbs,4,101.0000000000,0.0000660952,0.0008541427,0.0003053879,0.0013077493,0.0006995069,0.0012221296,0.0007643949
17.56769342888419,bubbles,nouns,7,341.0000000000,0.0002265860,0.0524305521,0.0823507185,0.0724877028,0.1515530100,0.0703629672,0.1515920330
25.265521045418033,wipe,verbs,4,239.0000000000,0.0001581100,0.0044991652,0.0072347495,0.0065551819,0.0096938845,0.0073258094,0.0113697598
23.118764227018126,school,nouns,6,457.0000000000,0.0002843640,0.0087058919,0.0292575896,0.0144709869,0.0523588693,0.0131431101,0.0421243429
28.522976500646106,tricycle,nouns,8,14.0000000000,0.0000090318,0.0000791251,0.0001015450,0.0000644147,0.0000730002,0.0000670374,0.0000730002
29.47218118439899,tear,verbs,4,51.0000000000,0.0000325705,0.0001817171,0.0001856127,0.0002102700,0.0001390924,0.0002160391,0.0001389455
21.762738949944726,button,nouns,6,231.0000000000,0.0001495510,0.0490988649,0.1388255214,0.1365876310,0.1846426158,0.1329013260,0.1946190252
26.478081710313287,brother,other,7,84.0000000000,0.0000525426,0.0002534365,0.0551496570,0.0002740099,0.0346298991,0.0002743750,0.0346308750
26.464930025372052,gum,nouns,3,30.0000000000,0.0000175913,0.0000729151,0.0000349473,0.0017652600,0.0668994000,0.0013860900,0.0817884000
32.081031283875184,woods,nouns,5,32.0000000000,,,,,,,
26.814435313116693,radio,nouns,5,48.0000000000,0.0000318572,0.0003849480,0.0003090775,0.0013531405,0.0002466385,0.0010063995,0.0002466385
27.173342264726077,sidewalk,nouns,8,18.0000000000,0.0000090318,0.0003027450,0.0000814551,0.0007698815,0.0000892323,0.0006730370,0.0000919437
21.119821482393764,bicycle,nouns,7,44.0000000000,0.0000290040,0.0004775280,0.0004985410,0.0002572500,0.0003786690,0.0001905150,0.0003786690
25.329244919450534,tired,adjectives,5,327.0000000000,0.0002066140,0.0067739623,0.0125421071,0.0114059899,0.0256140194,0.0110701004,0.0294978792
22.02393730871361,boots,nouns,5,76.0000000000,0.0000518294,0.0001082141,0.0000679050,0.0001049276,0.0000421415,0.0001095305,0.0000414523
22.5138204419076,jump,verbs,4,353.0000000000,0.0002344330,0.0009089263,0.0989101517,0.0137660941,0.1238373137,0.0099742861,0.1310464156
18.90130739685008,go,verbs,2,9624.0000000000,0.0062503600,0.0570812341,0.2590535575,0.1034295781,0.2861304880,0.1031328060,0.2295415147
28.55677516179845,roof,nouns,4,49.0000000000,0.0000332838,0.0007258740,0.0007508240,0.0005899530,0.0007508240,0.0006117550,0.0007508240
22.755133424496012,pajamas,nouns,7,112.0000000000,0.0000753682,0.0009776232,0.0017707845,0.0006454387,0.0020507833,0.0006655365,0.0019913971
22.40750860442691,blue,adjectives,4,1072.0000000000,0.0006995010,0.0104313656,0.0152986196,0.0166070290,0.0346166667,0.0162878009,0.0339284357
30.458500704344534,will,function_words,4,1293.0000000000,0.0008400190,0.0060894918,0.0123675989,0.0300098359,0.0353105510,0.0274726844,0.0335593985
23.288179501105482,what,function_words,4,13940.0000000000,0.0074036534,0.0348503978,0.0475670501,0.0631756679,0.0743892322,0.0628518342,0.0703230493
24.902428802690547,hide,verbs,4,109.0000000000,0.0000689483,0.0005401419,0.0216023492,0.0010728669,0.0414138406,0.0010343926,0.0235468426
22.327481929435635,clock,nouns,5,101.0000000000,0.0000682352,0.0008495093,0.0004884183,0.0013828193,0.0065968250,0.0012094203,0.0079592590
22.44054184247302,sun,nouns,3,355.0000000000,0.0002322930,0.0066420851,0.0360217726,0.0086848986,0.0502248820,0.0099319432,0.0399164705
24.793460535475678,applesauce,nouns,10,110.0000000000,0.0000703751,0.0005759932,0.0002998212,0.0031226785,0.0047528076,0.0035462548,0.0050689466
32.765885571716126,above,function_words,5,82.0000000000,0.0000496896,0.0636865366,0.1494634430,0.0735725813,0.2621820083,0.0737133630,0.2621946938
27.68058734696553,new,adjectives,3,852.0000000000,0.0005568420,0.0278461139,0.0328691632,0.0410291382,0.0470546995,0.0416168883,0.0480024696
31.76062717804243,nurse,other,5,97.0000000000,0.0000660952,0.0000729977,0.0000566361,0.0000762602,0.0000428711,0.0000742840,0.0000427872
16.392735198830994,bird,nouns,4,735.0000000000,0.0004733860,0.0297873688,0.0811986269,0.0545854319,0.1088801584,0.0496450999,0.1041404836
26.587239069037533,full,adjectives,4,208.0000000000,0.0001374250,0.0182736653,0.0876563350,0.0381364103,0.1257143478,0.0366114079,0.1097850382
22.436352979404894,leg,nouns,3,199.0000000000,0.0001231590,0.0077419296,0.0034920344,0.0391139680,0.0036417711,0.0358980908,0.0037377221
24.487883754881125,here,function_words,4,9688.0000000000,0.0054939458,0.0695821492,0.1082230596,0.1106558715,0.1432183561,0.1102065552,0.1351848241
23.464415480567926,snack,other,5,152.0000000000,0.0000981936,0.0011768930,0.0049607439,0.0009558209,0.0047851905,0.0009774913,0.0047155654
31.013523399168715,them,function_words,4,3029.0000000000,0.0019698800,0.0336001068,0.0464687790,0.0603900324,0.0661543820,0.0610896442,0.0515215829
24.89116450467848,sink,nouns,4,67.0000000000,0.0000425566,0.0007937543,0.0043576882,0.0017553583,0.0047893633,0.0015253413,0.0038505333
23.789593900562274,pancake,nouns,7,32.0000000000,0.0000211578,0.0004781670,0.0002640830,0.0005014770,0.0002000810,0.0005241570,0.0002000810
31.18697890329747,hers,function_words,4,22.0000000000,,,,,,,
23.966616061439275,sing,verbs,4,460.0000000000,0.0003079020,0.0020300724,0.0257581599,0.0033397097,0.0233293038,0.0027852019,0.0100623584
27.88363875986402,teacher,other,7,75.0000000000,0.0000518294,0.0000468894,0.0000567026,0.0000387780,0.0000567026,0.0000403769,0.0000567026
25.844034454105,wait,other,4,834.0000000000,0.0005497090,0.0207669983,0.0621306703,0.0283713374,0.0780641182,0.0279609525,0.0782739887
21.720774424112147,box,nouns,3,701.0000000000,0.0004541280,0.0100029318,0.0172860427,0.0626997863,0.0876530896,0.0639327793,0.0901034494
22.726826606651578,boy,other,3,1736.0000000000,0.0011260500,0.0460333524,0.0770017068,0.1719212870,0.1633968813,0.1630882490,0.1761373833
25.62387497168784,pickle,nouns,6,18.0000000000,0.0000104583,0.0000128965,0.0000159556,0.0000102295,0.0000128706,0.0000098342,0.0000125236
27.77530019021999,pick,verbs,4,568.0000000000,0.0003713850,0.0016995232,0.0030049880,0.0086758858,0.0058013105,0.0076247950,0.0062007855
23.446832820290197,popcorn,nouns,7,31.0000000000,0.0000183046,0.0000190425,0.0000179827,0.0000152099,0.0000162640,0.0000128042,0.0000335621
25.177079287402247,climb,verbs,5,161.0000000000,0.0001053260,0.0023716240,0.0052488284,0.0033209977,0.0063742073,0.0031613119,0.0064415230
21.822623834649573,pillow,nouns,6,90.0000000000,0.0000575357,0.0004186926,0.0013141415,0.0004034607,0.0018378108,0.0004045508,0.0018705596
25.367851306262303,shovel,nouns,6,65.0000000000,,,,,,,
22.45537159625755,love,verbs,4,903.0000000000,0.0005810930,0.0097209782,0.0322245770,0.0170701083,0.0445111422,0.0192612648,0.0395827823
17.525683952952498,apple,nouns,5,421.0000000000,0.0002786570,0.0051807354,0.0074521378,0.0225972853,0.0119605712,0.0196455939,0.0118885618
16.379871076439304,duck,nouns,4,449.0000000000,0.0002922090,0.0089995580,0.0140883110,0.0301571485,0.0256976108,0.0315284616,0.0372415790
27.36852164536458,pony,nouns,4,36.0000000000,0.0000232976,0.0194106632,0.0237921508,0.0243936903,0.0915820008,0.0243936903,0.0915820008
24.92311851801085,cloud,nouns,5,46.0000000000,,,,,,,
16.326888806099312,eye,nouns,3,284.0000000000,0.0001802230,0.0025521298,0.0055304723,0.0027076177,0.0107517489,0.0026510266,0.0099971959
34.3885003380416,would,function_words,5,2068.0000000000,0.0013389561,0.0052649269,0.0076180430,0.0090091126,0.0134624543,0.0098704198,0.0145699385
24.91522733127551,alligator,nouns,9,63.0000000000,0.0000397034,0.2342398780,0.2685216817,0.2474562090,0.3158426643,0.2473831283,0.3158332983
23.76911232025316,sweater,nouns,7,56.0000000000,,,,,,,
21.49736549522233,frog,nouns,4,168.0000000000,0.0001067530,0.0140600665,0.0816349683,0.0824470208,0.1401135982,0.0622761273,0.1054431794
23.948814514400212,throw,verbs,5,652.0000000000,0.0004255960,0.0058072996,0.0113151460,0.0247880625,0.0316191057,0.0240051000,0.0149131090
25.013187373569608,camera,nouns,6,319.0000000000,0.0002051880,0.0024970635,0.0047521642,0.0048256196,0.0040244738,0.0050445794,0.0040306029
25.65344196944211,tape,nouns,4,201.0000000000,0.0001352850,0.0010004767,0.0015612264,0.0031717486,0.0020716744,0.0032189374,0.0020634360
28.738381395878612,today,other,5,926.0000000000,0.0005582971,0.0047309234,0.0402418625,0.0188012968,0.0689653025,0.0195184044,0.0592402060
19.428482323895828,more,function_words,4,2643.0000000000,0.0017352100,0.0649756428,0.1105953705,0.1869160156,0.1629725035,0.1870559325,0.1522834664
24.706111823419825,pencil,nouns,6,61.0000000000,0.0000404167,0.0006199125,0.0005643757,0.0128430512,0.0168828138,0.0169394572,0.0248584938
19.556508453509906,door,nouns,4,552.0000000000,0.0003535530,0.0165782087,0.2207672960,0.0428399768,0.2681832920,0.0413074676,0.2027084448
29.58287238206214,porch,nouns,5,12.0000000000,0.0000076052,0.0001210550,0.0006493340,0.0001201930,0.0007268520,0.0001243130,0.0002903120
26.39794686947841,sister,other,6,112.0000000000,0.0000718016,0.0024971583,0.0051920669,0.0400518194,0.1068411376,0.0270659634,0.0684961028
24.48757597560575,chocolate,nouns,9,216.0000000000,0.0001388510,0.0027984867,0.0033400444,0.0178966612,0.0166117930,0.0185774535,0.0176794367
32.808432269175626,downtown,adjectives,8,3.0000000000,,,,,,,
25.067902723880195,glass,nouns,5,84.0000000000,0.0000568224,0.0000663779,0.0000299495,0.0000795116,0.0000221946,0.0000676012,0.0000229139
25.83051392177666,flag,nouns,4,19.0000000000,0.0000097450,0.0000677982,0.0001604356,0.0000646603,0.0001011462,0.0000673013,0.0000974922
20.488272344232627,train,nouns,5,527.0000000000,0.0003400000,0.0067251811,0.0097042692,0.0402715426,0.0560589032,0.0340769982,0.0328853236
23.901345861341266,stick,nouns,5,344.0000000000,0.0002301530,0.0011038055,0.0017904615,0.0506481534,0.0146945477,0.0354253257,0.0111778223
15.019084588189196,baby,other,4,3515.0000000000,0.0021655617,0.0137035581,0.0400558188,0.0324349191,0.0566589416,0.0343169067,0.0398872264
26.821811157563086,hurry,verbs,5,97.0000000000,0.0000653819,0.0001886545,0.0054380455,0.0002547040,0.0076971971,0.0002854810,0.0077499605
21.505416378754934,me,function_words,2,5804.0000000000,0.0037923500,0.2056890023,0.2847708149,0.2731994779,0.3285344222,0.2748643323,0.2917496508
30.534055796314703,none,function_words,4,76.0000000000,0.0000489762,0.0100446835,0.1712377918,0.0082164973,0.1741423003,0.0087089333,0.1741465310
24.210039851776514,room,nouns,4,665.0000000000,0.0004362950,0.1457334407,0.1844140236,0.1833463967,0.2178597826,0.1883591150,0.2037117029
24.05341604315987,this,function_words,4,11090.0000000000,0.0072347100,0.0409444674,0.0630391373,0.0903555864,0.0890339989,0.0889359655,0.0910661042
16.548125917079386,car,nouns,3,945.0000000000,0.0005958670,0.0044157441,0.0081480621,0.0182727932,0.0300562161,0.0238162706,0.0364359963
23.647740156962104,ride,verbs,4,254.0000000000,0.0001652430,0.0044323483,0.0068774541,0.0540346628,0.0542420573,0.0484102679,0.0569451606
30.118282727187637,pretend,verbs,7,138.0000000000,0.0000860677,0.0001448591,0.0002799814,0.0001619421,0.0002346132,0.0001664178,0.0002634530
27.519876353886772,pour,verbs,4,116.0000000000,0.0000696619,0.0311646859,0.3624988525,0.0421999718,0.4454523429,0.0403085440,0.4466948742
17.183862302477472,cat,nouns,3,841.0000000000,0.0005059790,0.0709158440,0.0921950541,0.2514617121,0.1985799003,0.2526432667,0.1405351305
24.16635781549996,my,function_words,2,4358.0000000000,0.0028415200,0.0241111205,0.0440542093,0.0483110389,0.0664937345,0.0500558282,0.0624396458
24.394843426710032,hamburger,nouns,9,12.0000000000,0.0000068919,0.0000371595,0.0000371595,0.0000371595,0.0000371595,0.0000371595,0.0000371595
25.34906550261934,thirsty,adjectives,7,129.0000000000,0.0000796479,0.0001573421,0.0009504519,0.0018383277,0.0080515549,0.0013587955,0.0025200820
25.256476722865266,give,verbs,4,1318.0000000000,0.0008592790,0.0109337155,0.0174770462,0.0182836710,0.0191105267,0.0184705032,0.0212709499
25.966769909518128,share,verbs,5,89.0000000000,0.0000575357,0.0008223770,0.0009407597,0.0052596867,0.0008976147,0.0048015243,0.0010139090
24.43657644061761,soup,nouns,4,98.0000000000,0.0000632420,0.0352563138,0.0368195877,0.0729937599,0.0886749460,0.0675685196,0.0890685870
26.035642157410024,high,adjectives,4,275.0000000000,0.0001723760,0.0020242954,0.0748154316,0.0331011460,0.1819255847,0.0466835842,0.1735733171
26.950293445329624,drawer,nouns,6,66.0000000000,0.0000404167,0.0002821766,0.0058427879,0.0001946957,0.0093931781,0.0001560977,0.0132266281
23.378717532703252,chin,nouns,4,74.0000000000,0.0000446964,0.0006342910,0.0006894166,0.0035374467,0.0004824315,0.0034694935,0.0004825011
19.606153914214953,airplane,nouns,8,118.0000000000,0.0000760815,0.0069497939,0.0647175062,0.0132912545,0.0603233233,0.0203746935,0.0603313796
26.405382738146237,lamb,nouns,4,119.0000000000,0.0000796479,0.0019564340,0.0037980110,0.0012589639,0.0039386494,0.0012549314,0.0039908514
21.447547747341584,sit,verbs,3,1387.0000000000,0.0008935150,0.0079183443,0.0122769029,0.0194046733,0.0204750680,0.0199135177,0.0247367807
26.84928912147882,nuts,nouns,4,44.0000000000,0.0000290040,0.0000061841,0.0000033402,0.0000028702,0.0000029721,0.0000023292,0.0000084121
26.508200318674678,write,verbs,5,157.0000000000,0.0001046130,0.0027468933,0.0072507737,0.0028328950,0.0076870237,0.0027443967,0.0075408573
29.66839586478971,how,function_words,3,3082.0000000000,0.0019047782,0.0110381930,0.0244517004,0.0320864404,0.0447058875,0.0331689300,0.0424557496
27.341495327622283,lamp,nouns,4,31.0000000000,0.0000211578,0.0000107851,0.0000101770,0.0000048395,0.0000052267,0.0000038070,0.0000128472
23.82740373641886,animal,nouns,6,202.0000000000,0.0001184810,0.0106334541,0.0106570485,0.0107576344,0.0161066747,0.0108194668,0.0161092949
22.139004913990647,elephant,nouns,8,332.0000000000,0.0001961528,0.0098049312,0.0331210208,0.0406664796,0.0590937620,0.0394336219,0.0443563040
28.009180097537538,wolf,nouns,4,64.0000000000,0.0000418433,0.0003673510,0.0002795995,0.0002319675,0.0003916115,0.0002300825,0.0003846840
34.25660384480605,if,function_words,2,2244.0000000000,0.0014684300,0.0167652471,0.0358567670,0.0358531790,0.0689238470,0.0368428603,0.0667094578
26.19840863724812,beach,nouns,5,93.0000000000,0.0000618156,0.0010528189,0.0015787184,0.0021434265,0.0038341010,0.0017798178,0.0033130577
20.96762423472704,pizza,nouns,5,81.0000000000,0.0000511161,0.0002620902,0.0001923874,0.0002308352,0.0002122963,0.0002546992,0.0002114920
26.02248615785608,plant,nouns,5,116.0000000000,0.0000725148,0.0003975906,0.0003738062,0.0002834689,0.0003590519,0.0002763294,0.0003504168
24.164975269112798,sandwich,nouns,8,70.0000000000,0.0000439832,0.0014065659,0.0014797156,0.0032990899,0.0028992276,0.0033136225,0.0029650629
20.231691381226106,pig,nouns,3,331.0000000000,0.0001961745,0.0023661656,0.0655010028,0.0085191107,0.0860873498,0.0118074418,0.0685957805
27.5433216065118,farm,nouns,4,169.0000000000,0.0001060400,0.0010313688,0.0208217186,0.0017057772,0.0194474539,0.0015101552,0.0194651957
26.822412445881238,ladder,nouns,6,36.0000000000,0.0000240109,0.0003606830,0.0052725800,0.0002476350,0.0014685900,0.0002344600,0.0015337500
29.188752076327173,after,function_words,5,467.0000000000,0.0002943490,0.0125340636,0.0781551824,0.0718163290,0.1181303035,0.0673022876,0.1183890234
27.797774973771617,mad,adjectives,3,147.0000000000,0.0000974801,0.0031949936,0.0085054740,0.0244191040,0.0140440780,0.0253062620,0.0137783280
26.46945678926305,backyard,nouns,8,21.0000000000,0.0000133115,0.0001696893,0.0009391226,0.0001140486,0.0006176076,0.0000793184,0.0002097823
24.835029359697852,man,other,3,807.0000000000,0.0005304490,0.0779893365,0.1660516278,0.1641031118,0.2124324654,0.1542641635,0.1613215080
26.649099424160138,a,function_words,1,29675.0000000000,0.0193103826,0.1207649725,0.1652831765,0.2115186941,0.2146388556,0.2320786480,0.1930102029
19.82596658985609,light,nouns,5,349.0000000000,0.0002140411,0.0020910332,0.0216195040,0.0027737393,0.0404158236,0.0033845084,0.0442979178
32.662267717565754,their,function_words,5,619.0000000000,0.0003956370,0.0028145050,0.0231123111,0.0040690503,0.0431483061,0.0038594657,0.0431444815
26.85662237559277,sandbox,nouns,7,12.0000000000,0.0000068919,0.0000992226,0.0004392165,0.0005357595,0.0026681307,0.0004197749,0.0024641469
23.912474574685163,green,adjectives,5,1050.0000000000,0.0006930810,0.0032219843,0.0285274773,0.0159089590,0.0367352543,0.0096209914,0.0285411237
25.10677495773511,necklace,nouns,8,43.0000000000,0.0000282907,0.0001714710,0.0002220430,0.0001699540,0.0001663140,0.0001769610,0.0001663140
21.540887673075915,egg,nouns,3,414.0000000000,0.0002722370,0.0041451569,0.0205529451,0.0348458246,0.0337385688,0.0348281302,0.0353322693
16.706316190175084,balloon,nouns,7,203.0000000000,0.0001324320,0.0017740094,0.0021244661,0.0049552858,0.0087839354,0.0049862400,0.0091391857
25.548420685940997,talk,verbs,4,311.0000000000,0.0002009080,0.0018589068,0.0025104598,0.0019992258,0.0027350427,0.0019998783,0.0027501640
26.66892615451075,cute,adjectives,4,272.0000000000,0.0001745160,0.0049026082,0.0123617061,0.0126746110,0.0307478441,0.0067516410,0.0209376009
22.20845143589992,help,verbs,4,1164.0000000000,0.0007665510,0.0072349556,0.0192691807,0.0160580466,0.0243201666,0.0165058833,0.0284663637
25.693585216577603,muffin,nouns,6,31.0000000000,0.0000204445,0.0002151190,0.0000922496,0.0002566870,0.0000567655,0.0002427690,0.0000518989
26.856670290161038,over,function_words,4,2629.0000000000,0.0017102400,0.0185583910,0.0474775138,0.0506790143,0.0799798543,0.0457154335,0.0778118429
22.15250859886354,paper,nouns,5,444.0000000000,0.0002950620,0.0294583274,0.0510291474,0.0306059798,0.0568390850,0.0305191022,0.0564846050
24.78903718565693,motorcycle,nouns,10,43.0000000000,0.0000290040,0.0001493341,0.0001707047,0.0001514555,0.0005911455,0.0001436104,0.0005794145
26.29632145668641,oven,nouns,4,70.0000000000,0.0000454097,0.0014587100,0.0045240650,0.0016971450,0.0043853105,0.0009482910,0.0043982645
26.796701334260348,shake,verbs,5,404.0000000000,0.0002693840,0.1363415423,0.1794087742,0.1564433688,0.2260091837,0.1573814153,0.2199140757
20.543658594424404,cold,adjectives,4,410.0000000000,0.0002636780,0.0019358528,0.0140191076,0.0132996170,0.0225816124,0.0131766036,0.0201971646
31.831065835632554,before,function_words,6,391.0000000000,0.0002529780,0.0007876777,0.0010764494,0.0011811057,0.0216545371,0.0012113308,0.0216698966
28.352813171117987,police,nouns,6,74.0000000000,0.0000496896,0.0003462859,0.0006092537,0.0002589605,0.0003817291,0.0002453236,0.0003792732
28.360691557845712,fit,verbs,3,284.0000000000,0.0001909220,0.0076688063,0.0197145060,0.0071537830,0.0253122618,0.0073896106,0.0253122618
23.272524420510997,broom,nouns,5,54.0000000000,,,,,,,
17.035843299491347,hot,adjectives,3,501.0000000000,0.0003293010,0.0021687800,0.0166113645,0.0272253890,0.0425294121,0.0279126499,0.0621787293
26.624779320978714,better,function_words,6,706.0000000000,0.0004641130,0.0432430296,0.0698621963,0.0527762171,0.0947332398,0.0490773206,0.0751358730
24.40954847710487,window,nouns,6,271.0000000000,0.0001802230,0.0038477265,0.0497617079,0.0076111974,0.1327249300,0.0070739623,0.1603802663
11.722291239337444,bye,other,3,530.0000000000,0.0003471330,0.0671272269,0.0884470483,0.1488469892,0.1376157208,0.1453671215,0.0920632463
27.429870954040343,sauce,nouns,5,96.0000000000,0.0000582490,0.2016606091,0.2033265213,0.1917290114,0.2334404478,0.1939423296,0.2334404478
31.732968275255338,into,function_words,4,758.0000000000,0.0004783790,0.0111820090,0.0118455264,0.0206732395,0.0396682821,0.0195833576,0.0386046453
32.25819369519805,then,function_words,4,2040.0000000000,0.0013129300,0.0256221131,0.0446950412,0.0493334629,0.0651189490,0.0486471528,0.0628373089
24.404560036244195,coffee,nouns,6,172.0000000000,0.0001117460,0.0018286179,0.0017637556,0.0015148896,0.0244618080,0.0015738696,0.0245037851
23.333590655670854,good,adjectives,4,5218.0000000000,0.0034085900,0.0591806454,0.1045945503,0.0923488014,0.1248757624,0.0913300700,0.1064244606
24.825315037962266,pattycake,other,9,175.0000000000,0.0001124590,0.0005089768,0.0022368083,0.0048850667,0.0081192206,0.0055325273,0.0084833843
22.919220716764716,food,nouns,4,574.0000000000,0.0003728120,0.0052891096,0.0131948313,0.0181212800,0.0336413162,0.0164476829,0.0338231194
28.452992538883706,beads,nouns,5,67.0000000000,0.0000404167,0.0003014796,0.0005366791,0.0020467899,0.0217804913,0.0017771458,0.0217783241
24.26321664180257,break,verbs,5,185.0000000000,0.0001203060,0.0028988858,0.0056753184,0.0118665981,0.0059065818,0.0104851973,0.0059066059
23.877149460259844,lunch,other,5,260.0000000000,0.0001638170,0.0057870703,0.0131292127,0.0143849006,0.0110050118,0.0081318726,0.0109065138
23.70949151974794,giraffe,nouns,7,118.0000000000,0.0000732283,0.0004620424,0.0004825149,0.0007012120,0.0378747818,0.0006768591,0.0379008426
20.68152122772896,kiss,verbs,4,548.0000000000,0.0003521260,0.0144926248,0.0832980700,0.0288749113,0.0921635128,0.0264105062,0.0814361750
20.381077713239325,foot,nouns,4,605.0000000000,0.0003856510,0.0404266563,0.1991680211,0.1814510337,0.2506281299,0.1779094957,0.1662543080
25.09797130455892,now,other,3,3903.0000000000,0.0025326700,0.0092288670,0.0271534635,0.0310995235,0.0481796114,0.0309305206,0.0465769283
28.053159507223764,day,other,3,799.0000000000,0.0005154710,0.0405030334,0.1489881114,0.0628195897,0.1871480225,0.0621036333,0.1493377041
21.118019988681194,bread,nouns,5,249.0000000000,0.0001552570,0.0045651655,0.0129398435,0.0087589000,0.0181004646,0.0089049271,0.0182667328
25.39501235337764,meat,nouns,4,34.0000000000,,,,,,,
23.792209934506374,puzzle,nouns,6,231.0000000000,0.0001495510,0.0009668495,0.0085886311,0.0013690644,0.0103308634,0.0015682004,0.0103305026
25.43996078344441,drop,verbs,4,103.0000000000,0.0000660952,0.0004671206,0.0091467443,0.0026816096,0.0261426867,0.0020839878,0.0135302307
34.84006560089519,each,function_words,4,150.0000000000,0.0000996201,0.0005212638,0.0005431202,0.0005558151,0.0016803589,0.0005234074,0.0016892082
31.26735961148748,tray,nouns,4,103.0000000000,0.0000625289,0.0018600705,0.0139109625,0.0033315954,0.0377512553,0.0046281940,0.0395380593
22.760960478552533,glasses,nouns,7,128.0000000000,0.0000817877,0.0014914668,0.0019495185,0.0013274562,0.0071284051,0.0013353644,0.0071485798
24.43018754460887,heavy,adjectives,5,154.0000000000,0.0001003340,0.0014474137,0.0010280108,0.0032897367,0.0046677402,0.0031567228,0.0052231227
25.399649047922697,bump,verbs,4,208.0000000000,0.0001281520,0.3406519914,0.3551812475,0.4381520294,0.5086014336,0.4347763149,0.3518088372
22.20573301361188,house,nouns,5,903.0000000000,0.0005825200,0.0194825142,0.0471148091,0.0342876477,0.0744387682,0.0328523892,0.0415260857
27.305822782540346,hard,adjectives,4,427.0000000000,0.0002822230,0.0062064590,0.0598655289,0.0340921719,0.0982537883,0.0335414141,0.0654130662
29.139098889629327,sled,nouns,4,11.0000000000,,,,,,,
26.693960936266627,goose,nouns,5,66.0000000000,0.0000425566,0.0107873542,0.0635034516,0.0878885278,0.0835084143,0.0795033188,0.0603195932
10.85058221258938,ball,nouns,4,1842.0000000000,0.0011504122,0.0194542933,0.0588081751,0.0476221882,0.0677610487,0.0428790676,0.0592620743
24.554823299849428,zebra,nouns,5,72.0000000000,0.0000482629,0.0002507269,0.0001582734,0.0007399289,0.0001503550,0.0006372796,0.0001913940
31.44039581658385,our,function_words,3,826.0000000000,0.0005425770,0.0030411863,0.0053618388,0.0148256083,0.0234324860,0.0180066828,0.0290355579
23.453306911061077,girl,other,4,1087.0000000000,0.0007130530,0.0365013745,0.0793002742,0.1587357847,0.1698509144,0.1629523600,0.1820609710
21.50143939880392,out,function_words,3,3979.0000000000,0.0025940100,0.0316906037,0.0827295930,0.0645260771,0.1057849340,0.0642000393,0.0853615708
19.889803157910407,flower,nouns,6,267.0000000000,0.0001759430,0.0027450020,0.0015389452,0.0035623527,0.0206331073,0.0035857303,0.0206680134
27.293460070267788,rooster,nouns,7,77.0000000000,0.0000511161,0.0002914077,0.0060711295,0.0002308617,0.0033011844,0.0002310053,0.0032967324
23.741184508102652,medicine,nouns,8,111.0000000000,0.0000739416,0.0000254458,0.0000281738,0.0000196190,0.0035876248,0.0000192333,0.0035911486
27.226302449614142,mittens,nouns,7,54.0000000000,0.0000332838,0.0002364327,0.0275437279,0.0013051406,0.0144050459,0.0011884708,0.0144658955
23.501193698029407,red,adjectives,3,1091.0000000000,0.0007009270,0.0063543644,0.0225190985,0.0190721621,0.0429683859,0.0195445212,0.0473498375
24.31620626234243,story,nouns,5,350.0000000000,0.0002273000,0.0041306404,0.0273018731,0.0108466893,0.0319352953,0.0097514699,0.0316078015
17.376743637909335,cookie,nouns,6,375.0000000000,0.0002444190,0.0023814870,0.0027842856,0.0150121337,0.0117566509,0.0131763393,0.0111880168
21.534262390975513,grapes,nouns,6,75.0000000000,0.0000496896,0.0011288920,0.0025687840,0.0018758887,0.0063728402,0.0018790913,0.0063998277
17.042288499998012,grandma,other,7,269.0000000000,0.0001597965,0.0024478255,0.0312059959,0.0086765969,0.0482183887,0.0078686743,0.0208932493
26.315542831179172,put,verbs,3,5837.0000000000,0.0038001900,0.0300504366,0.0469079415,0.0757191307,0.0774273406,0.0754618151,0.0839979179
26.84837953661882,lollipop,nouns,8,26.0000000000,,,,,,,
27.09336546277413,yard,nouns,4,73.0000000000,0.0000468363,0.0030312315,0.0344395000,0.0030320525,0.0260472000,0.0031609595,0.0256790500
26.068806707232504,spill,verbs,5,58.0000000000,0.0000382768,0.0000251113,0.0006231793,0.0000419018,0.0003292583,0.0000400085,0.0003826124
33.084927662715174,could,verbs,5,1391.0000000000,0.0009084960,0.0100728461,0.0210661413,0.0315271071,0.0433269546,0.0305128556,0.0518567857
23.51847281542573,raisin,nouns,6,82.0000000000,0.0000504028,0.0004215065,0.0003741503,0.0007615347,0.0010296355,0.0008909636,0.0011734070
28.289807591337727,pudding,nouns,7,37.0000000000,0.0000247243,0.0182105000,0.0195541000,0.0204509000,0.0273925000,0.0212941000,0.0273925000
25.74323116629479,soda,nouns,4,21.0000000000,,,,,,,
29.924340168169984,stone,nouns,5,34.0000000000,0.0000225844,0.0017815485,0.0106091160,0.0017652640,0.0067546225,0.0018842225,0.0067536780
26.005531194520774,loud,adjectives,4,135.0000000000,0.0000874941,0.0022478280,0.1111576620,0.0057313103,0.1486718453,0.0049899497,0.1486010020
30.12618780946156,think,verbs,5,4069.0000000000,0.0026329499,0.0812326409,0.1153353566,0.1602821223,0.1947088542,0.1582622205,0.1955795675
30.892149656909794,scarf,nouns,5,29.0000000000,0.0000183046,0.0002144800,0.0001941110,0.0012259200,0.0000772368,0.0010905500,0.0000838166
28.0145511800178,first,function_words,5,713.0000000000,0.0004662530,0.0024433765,0.0026142476,0.0098064821,0.0122824468,0.0115811715,0.0143394178
26.245347905806728,feed,verbs,4,131.0000000000,0.0000846410,0.0005173162,0.0004045390,0.0005403977,0.0006187622,0.0005669264,0.0006062799
17.514632782386922,cheese,nouns,6,587.0000000000,0.0003820850,0.0404257198,0.0989997022,0.0620349565,0.1295441607,0.0620327810,0.1008257273
31.625217677905567,naughty,adjectives,7,26.0000000000,0.0000168780,0.0000946315,0.0001997915,0.0000731822,0.0036577565,0.0000766297,0.0036968765
25.169783995401264,crib,nouns,4,62.0000000000,0.0000411300,0.0012550600,0.0082437500,0.0011733500,0.0081047900,0.0012291300,0.0093611400
33.899559935551466,yourself,function_words,8,399.0000000000,0.0002608240,0.0361556872,0.0468711969,0.0348761812,0.0488118892,0.0345041125,0.0486555637
26.14231009235691,slipper,nouns,7,35.0000000000,0.0000204445,0.0064362481,0.0036679968,0.0104753361,0.0037190053,0.0104727552,0.0037076360
23.19985586350829,wash,verbs,4,480.0000000000,0.0003064760,0.0024738622,0.0058216605,0.0041896640,0.0069535332,0.0040762858,0.0064594546
25.336821328249354,fast,adjectives,4,282.0000000000,0.0001837890,0.0167406376,0.2214438938,0.1165146442,0.2344466394,0.1103536778,0.1085267163
27.828974901559462,another,function_words,7,1211.0000000000,0.0007779630,0.0107328685,0.0154965642,0.0273408258,0.0362084579,0.0270702180,0.0318982039
24.975004793865338,carry,verbs,5,127.0000000000,0.0000803611,0.0024195333,0.0013549361,0.0039036407,0.0011499699,0.0039029202,0.0012939942
25.25254903064079,scissors,nouns,8,49.0000000000,0.0000318572,0.0034938020,0.0148431467,0.0053866340,0.0099494633,0.0053844413,0.0099494633
21.307389906016414,open,verbs,4,987.0000000000,0.0006424380,0.0041463577,0.0063917880,0.0074998880,0.0164807349,0.0072453441,0.0168951518
28.677088369418684,tomorrow,other,8,119.0000000000,0.0000789345,0.0005971772,0.0010179021,0.0040047763,0.0010273286,0.0034593791,0.0010289279
22.938244256294478,sheep,nouns,5,294.0000000000,0.0001930620,0.0108529618,0.0143158651,0.0139391080,0.0147431827,0.0116314851,0.0147645956
19.884354500944898,horse,nouns,5,292.0000000000,0.0001887820,0.0082315832,0.0718276683,0.0699823141,0.1078564021,0.0723283774,0.0666419439
20.89641253859549,monkey,nouns,6,206.0000000000,0.0001206028,0.0015591369,0.0414709180,0.0024807469,0.0325039116,0.0023605667,0.0326021125
20.58977164766549,potty,nouns,5,232.0000000000,0.0001545440,0.0015864040,0.0287539443,0.0051760773,0.0587133471,0.0053246822,0.0201585774
21.56928786759066,bite,verbs,4,457.0000000000,0.0002979160,0.0025109653,0.0200108406,0.0085051553,0.0693916655,0.0069613034,0.0298137216
25.778036944200363,paint,verbs,5,123.0000000000,0.0000803611,0.0001750068,0.0003915127,0.0002421098,0.0002582143,0.0002488076,0.0002584755
30.18225298692111,vagina,nouns,6,1.0000000000,,,,,,,
25.48164788876831,too,function_words,3,2796.0000000000,0.0018357800,0.0069571533,0.0200744019,0.0182707058,0.0344215533,0.0182197061,0.0303739834
29.28599240748145,ankle,nouns,5,11.0000000000,0.0000068919,0.0004034680,0.0005646240,0.0003482770,0.0003954370,0.0003641700,0.0003954370
26.3989391784656,white,adjectives,5,509.0000000000,0.0003350070,0.0548563520,0.0808398119,0.0655443878,0.1018447095,0.0642777524,0.0800899646
15.623408658203035,banana,nouns,6,344.0000000000,0.0002230200,0.0018688697,0.0035926996,0.0024601181,0.0088851070,0.0024836759,0.0089256681
26.284338712683983,friend,nouns,6,256.0000000000,0.0001415258,0.0248207941,0.1354972689,0.0278908875,0.1521672546,0.0284714926,0.1028568633
27.55859888049134,listen,verbs,6,163.0000000000,0.0001067530,0.0012185879,0.0012462987,0.0022392764,0.0018060139,0.0022447625,0.0018371117
21.271891868034857,hug,verbs,3,230.0000000000,0.0001531170,0.0010967245,0.0213805285,0.0014758732,0.0240865961,0.0015106902,0.0242172368
24.3942047566766,shorts,nouns,6,57.0000000000,0.0000382768,0.0004848709,0.0044389509,0.0012983933,0.0141692839,0.0010769946,0.0117232339
22.6000096653048,park,nouns,4,74.0000000000,0.0000454097,0.1675667880,0.1401663817,0.1891993063,0.1704800133,0.1925144515,0.1705170653
18.202353844983683,grandpa,other,7,100.0000000000,0.0000646687,0.0847107343,0.0776380584,0.0835580963,0.0776309645,0.0835588425,0.0776305396
21.49927751765816,cereal,nouns,6,225.0000000000,0.0001452710,0.0023780667,0.0025582545,0.0087113001,0.0025602082,0.0175246253,0.0027024788
24.448508998640808,stairs,nouns,6,162.0000000000,0.0001010470,0.0018000443,0.0327111945,0.0056198786,0.0541050220,0.0076160842,0.0510893823
27.663420655285265,nail,nouns,4,31.0000000000,0.0000204445,0.0000853366,0.0000985901,0.0000906980,0.0000770465,0.0000849250,0.0000787033
19.598845878622,tree,nouns,4,558.0000000000,0.0003735250,0.0553799855,0.0667251773,0.0572448600,0.0729784835,0.0572711375,0.0750025030
22.29494720120913,see,verbs,3,8681.0000000000,0.0056362100,0.0722818519,0.0994004163,0.1565677850,0.1861579614,0.1599358198,0.1965876777
20.107206948116843,bed,nouns,3,619.0000000000,0.0004013430,0.0143115405,0.0195984981,0.0219400647,0.0329924175,0.0209692487,0.0191879853
20.54272256558496,bee,nouns,3,218.0000000000,0.0001438440,0.2073722952,0.2320801414,0.2101158999,0.2396866067,0.2078723260,0.2397456604
23.466968035593425,shower,nouns,6,30.0000000000,0.0000183046,0.0002591104,0.0057746093,0.0002574953,0.0061616424,0.0002627147,0.0063480861
20.94442214924963,tummy,nouns,5,130.0000000000,0.0000803611,0.0000683019,0.0001056722,0.0000644272,0.0000671289,0.0000661184,0.0000725612
25.04876178962101,street,nouns,6,146.0000000000,0.0000896341,0.0274268601,0.0853076153,0.0535519911,0.1200899919,0.0486038521,0.0541735936
23.19994006571197,store,nouns,5,259.0000000000,0.0001638170,0.0029577041,0.0143062832,0.0108237060,0.0568101127,0.0098551415,0.0850370959
22.13161140806228,coat,nouns,4,96.0000000000,0.0000596756,0.0033692111,0.0123657861,0.0025970034,0.0146877396,0.0027041815,0.0141477396
20.410421106516754,toe,nouns,3,153.0000000000,0.0001017600,0.0018519893,0.1840011410,0.0397066668,0.2502112776,0.0470809794,0.0756594708
24.870286236846088,tractor,nouns,7,103.0000000000,0.0000646687,0.0034472054,0.0012636263,0.0094284531,0.0601292463,0.0078581698,0.0578501182
26.894355882072524,and,function_words,3,20388.0000000000,0.0132578000,0.0419952926,0.0664246620,0.0786741736,0.1011557874,0.0782552863,0.0920125890
27.756406468485842,donkey,nouns,6,47.0000000000,0.0000318572,0.0000151052,0.0000140850,0.0002413780,0.0001621130,0.0002987050,0.0002584210
27.080918531928788,lick,verbs,4,26.0000000000,0.0000168780,0.0000261701,0.0000180953,0.0000300603,0.0000127122,0.0000309180,0.0000127122
23.27496644514873,carrots,nouns,7,150.0000000000,0.0000974801,0.0010312645,0.1069917598,0.0030626159,0.1297063263,0.0027354012,0.0402399441
19.47832404231185,mine,function_words,4,151.0000000000,0.0000996201,0.0006198443,0.0009227849,0.0006294545,0.0161297597,0.0006713227,0.0161297597
25.92222855682181,sad,adjectives,3,169.0000000000,0.0001096060,0.0002255976,0.0003262414,0.0002310527,0.0002236159,0.0002412009,0.0002202331
24.257553032333263,ant,nouns,3,43.0000000000,,,,,,,
27.48834393038357,gentle,adjectives,6,171.0000000000,0.0001060400,0.0034859961,0.0079181745,0.0041457355,0.0115532800,0.0042324329,0.0115688456
26.69909754340331,say,verbs,3,4364.0000000000,0.0028315400,0.0127918474,0.0628259455,0.0326658950,0.0946533961,0.0350640230,0.0892883287
25.518653836494266,have,verbs,4,7250.0000000000,0.0047232000,0.0463724467,0.0858002183,0.0883543792,0.1106599263,0.0856130468,0.1003535154
23.66847059672475,breakfast,other,9,306.0000000000,0.0002016210,0.0030319053,0.0028633513,0.0021384247,0.0068481200,0.0021806391,0.0069921342
29.586124477155362,any,function_words,3,773.0000000000,0.0005069110,0.0109534994,0.0841573504,0.0126657163,0.1133776626,0.0185301817,0.0974667554
28.576239546538854,sprinkler,nouns,9,17.0000000000,0.0000104583,0.0000037603,0.0000032746,0.0000041102,0.0000054843,0.0000035511,0.0000097423
23.842153085387093,spaghetti,nouns,9,104.0000000000,0.0000639554,0.0003897738,0.0022876474,0.0020471158,0.0042904830,0.0016633056,0.0046731930
23.116775327765986,that,function_words,4,20563.0000000000,0.0113289659,0.0766341463,0.1242367688,0.1358102943,0.1736428821,0.1356907130,0.1671912478
24.55056084135541,snow,nouns,4,372.0000000000,0.0002408520,0.0008131202,0.0122269291,0.0027989454,0.0164280050,0.0025301878,0.0153034808
23.924731845642157,couch,nouns,5,133.0000000000,0.0000782213,0.0022270697,0.0223411560,0.0038163623,0.0464985824,0.0038157540,0.0551545337
26.779287992011408,build,verbs,5,170.0000000000,0.0001039000,0.0028501920,0.0651322649,0.0240833377,0.1026178306,0.0212164189,0.0695511591
33.44074084779458,which,function_words,5,856.0000000000,0.0005489960,0.0016895403,0.0017875035,0.0100269729,0.0099438796,0.0104378450,0.0194201096
31.666482386466928,so,function_words,2,4155.0000000000,0.0027002900,0.0127022718,0.0232669525,0.0397695520,0.0472574997,0.0382501592,0.0419142069
21.463145019664488,yucky,adjectives,5,149.0000000000,0.0000903473,0.0003427358,0.0004055104,0.0023148048,0.0007781204,0.0051774772,0.0007942513
22.059272392947907,soap,nouns,4,107.0000000000,0.0000710884,0.0004167455,0.0718685940,0.0000827312,0.0109116947,0.0000833527,0.0156020698
22.52644278155078,butterfly,nouns,9,189.0000000000,0.0001217320,0.0035104237,0.0165981304,0.0097493716,0.0259034401,0.0097751938,0.0259656679
22.219766666388143,play,verbs,4,2515.0000000000,0.0016296400,0.0183894493,0.0361812158,0.0284024728,0.0495004737,0.0302070502,0.0372606274
27.67023255727309,who,function_words,3,1794.0000000000,0.0010792694,0.0100311491,0.0130173601,0.0179394541,0.0258307755,0.0181798378,0.0255418336
24.83767280597257,basket,nouns,6,208.0000000000,0.0001324320,0.0018786128,0.0124965482,0.0031031444,0.0138155010,0.0028083153,0.0140765368
19.623182938860733,mouth,nouns,5,783.0000000000,0.0005104780,0.0236865605,0.1466841842,0.0808609265,0.2552341990,0.0754530609,0.2809507768
22.08441594044251,knee,nouns,4,77.0000000000,0.0000511161,0.0017864831,0.0013712042,0.0036344680,0.0988694990,0.0032517205,0.0416664328
27.329269485896887,why,function_words,3,1445.0000000000,0.0009370270,0.0040119382,0.0058682279,0.0102173268,0.0091129430,0.0104431022,0.0088606703
25.202166830237164,refrigerator,nouns,12,97.0000000000,0.0000618156,0.0013439381,0.0055043302,0.0134111091,0.0204375963,0.0106002676,0.0094192973
25.664755326297776,closet,nouns,6,75.0000000000,0.0000439832,0.0006582853,0.0046862788,0.0005415707,0.0040799414,0.0005181404,0.0030366506
24.221943318141346,napkin,nouns,6,34.0000000000,,,,,,,
27.513304335529284,cover,verbs,5,76.0000000000,0.0000482629,0.0001677594,0.0006258468,0.0002890925,0.0020936808,0.0002392926,0.0019461700
24.46457008055436,drive,verbs,5,97.0000000000,0.0000646687,0.0005059784,0.0004257371,0.0005564667,0.0002514260,0.0005703137,0.0002732597
23.207308703894533,face,nouns,4,592.0000000000,0.0003763790,0.0140171866,0.0464337787,0.0311936560,0.0574969589,0.0308691840,0.0557069411
25.207630248826927,aunt,other,4,115.0000000000,0.0000775079,0.0001143433,0.0003546577,0.0001171749,0.0002388765,0.0001203711,0.0002502543
25.55219073762307,wind,nouns,4,113.0000000000,0.0000725148,0.0015833792,0.0102045021,0.0039681113,0.0211724154,0.0027657842,0.0160019171
25.538111729628426,uncle,other,5,121.0000000000,0.0000782213,0.0006535013,0.0003634917,0.0004925435,0.0003925085,0.0005096883,0.0004359273
27.99743749734882,salt,nouns,4,34.0000000000,0.0000218711,0.0001053754,0.0010353558,0.0001316302,0.0005793393,0.0001344555,0.0005793393
26.80122307637223,show,verbs,4,692.0000000000,0.0004477080,0.0090888911,0.0131098633,0.0759701187,0.0723070475,0.0778188712,0.0858828812
25.786328436992,stove,nouns,5,35.0000000000,0.0000218711,0.0004886980,0.0020941260,0.0005166975,0.0024462310,0.0005248090,0.0025782810
26.31189673621366,bring,verbs,5,533.0000000000,0.0003478470,0.0022973608,0.0026168688,0.0041088722,0.0026913101,0.0078729164,0.0044493823
22.518200658657587,crayon,nouns,6,136.0000000000,0.0000867809,0.0039334698,0.0036310703,0.0045534195,0.0049508134,0.0045976331,0.0049475529
14.847567777919354,shoe,nouns,4,267.0000000000,0.0001730900,0.0018182729,0.0751745759,0.0026853249,0.1119525776,0.0026329086,0.1135451750
24.81058829378509,bedroom,nouns,7,44.0000000000,0.0000282907,0.0000338748,0.0000420898,0.0000264048,0.0000420898,0.0000274935,0.0000420898
30.074253887289014,fine,adjectives,4,214.0000000000,0.0001359980,0.0037555560,0.0030207101,0.0082892752,0.0034250832,0.0077198682,0.0039348640
25.13629859575564,find,verbs,4,1231.0000000000,0.0008007890,0.0099724099,0.0268708285,0.0285086089,0.0488118158,0.0301310189,0.0566102192
25.088142047821542,popsicle,nouns,8,24.0000000000,,,,,,,
22.8793761461032,toast,nouns,5,144.0000000000,0.0000939138,0.0009486475,0.0018855321,0.0006527067,0.0032833547,0.0006805449,0.0032893349
28.40041519401638,slow,adjectives,4,125.0000000000,0.0000810745,0.0001550244,0.0001482015,0.0000894033,0.0048461663,0.0000803474,0.0049103374
27.223136758712982,underpants,nouns,10,34.0000000000,0.0000218711,0.0005890390,0.0044132023,0.0727411530,0.1139003293,0.0610811647,0.1091153747
27.6412455957679,jar,nouns,3,57.0000000000,0.0000389901,0.0004186350,0.0009397340,0.0002709275,0.0006345315,0.0002684360,0.0007059455
19.43950623767786,outside,nouns,7,710.0000000000,0.0004691070,0.0048079043,0.0151445942,0.0437187699,0.0454293391,0.0392590001,0.0482126787
20.878909900562,bug,nouns,3,175.0000000000,0.0001103200,0.0072451992,0.0122909009,0.0377582911,0.0116388291,0.0337098443,0.0115939821
25.577891760195623,black,adjectives,5,382.0000000000,0.0002508380,0.0007899964,0.0015860486,0.0013206548,0.0027751915,0.0013201158,0.0027933303
23.87949161734301,pretty,adjectives,6,731.0000000000,0.0004748120,0.0023012181,0.0067492248,0.0056287835,0.0142373020,0.0042642072,0.0122086532
26.323758216555387,penguin,nouns,7,55.0000000000,0.0000368502,0.0000825131,0.0000825131,0.0000825131,0.0000825131,0.0000825131,0.0000825131
25.001636230934313,pumpkin,nouns,7,161.0000000000,0.0001031870,0.0009129929,0.0094873637,0.0007646525,0.0047397512,0.0007209842,0.0046944029
24.2051678289498,do,verbs,2,10099.0000000000,0.0066055800,0.0326046660,0.0591599847,0.0799152438,0.1111324201,0.0788882507,0.1103281817
30.13308052012023,his,function_words,3,2551.0000000000,0.0016382000,0.0133552923,0.0554985988,0.0314746718,0.0847239130,0.0302787333,0.0755693756
23.966209547663933,hit,verbs,3,249.0000000000,0.0001638170,0.0034313502,0.0100288592,0.0130290200,0.0091263134,0.0119675019,0.0094178284
23.43534400151538,get,verbs,3,6661.0000000000,0.0042973500,0.0495190359,0.0720228742,0.0878248044,0.0952587866,0.0885392622,0.0858737203
24.974570163487844,there,function_words,5,8967.0000000000,0.0049001499,0.0308576459,0.0502409492,0.0567945155,0.0681348923,0.0588944732,0.0626182771
22.14745693874137,stop,verbs,4,959.0000000000,0.0006367310,0.0017256530,0.0016644171,0.0107968887,0.0112534933,0.0114410659,0.0115968048
18.560173740313445,bear,nouns,4,1648.0000000000,0.0009987102,0.1908428608,0.2188157298,0.2391014215,0.2622092194,0.2330779040,0.2445785304
32.42065129587121,basement,nouns,8,34.0000000000,0.0000204445,0.0006438610,0.0010850728,0.0007838173,0.0007344957,0.0006903760,0.0005125857
29.68108946522944,him,function_words,3,1815.0000000000,0.0011923900,0.0242755062,0.0257150321,0.0361738979,0.0463297449,0.0428464733,0.0517779714
25.295460796558114,bat,nouns,3,88.0000000000,0.0000575357,0.0056949707,0.0180922148,0.0081481066,0.0127949272,0.0082328994,0.0129459572
30.790929143446256,tights,nouns,6,10.0000000000,,,,,,,
22.75834604469211,cry,verbs,3,101.0000000000,0.0000632420,0.0027241526,0.0145891391,0.0305897695,0.0335336232,0.0261029540,0.0339936538
25.460349234638084,pretzel,nouns,7,20.0000000000,0.0000125982,0.0001267437,0.0001312739,0.0001296285,0.0000817747,0.0001348549,0.0000793538
26.335802415598742,morning,other,7,442.0000000000,0.0002907830,0.0077464765,0.0173765834,0.0437090461,0.0759833416,0.0385602271,0.0900421026
24.465867990121197,bad,adjectives,3,258.0000000000,0.0001680960,0.0034471273,0.0272992257,0.0128347400,0.0652740664,0.0118319752,0.0688558629
26.77472280933065,gloves,nouns,6,24.0000000000,,,,,,,
28.7444501295886,she,function_words,3,3101.0000000000,0.0016907476,0.0068318378,0.0102017219,0.1100418489,0.0739013795,0.1083771247,0.0890183493
32.906896286028015,snowsuit,nouns,8,1.0000000000,,,,,,,
18.366179220648924,shh,other,3,124.0000000000,0.0000760815,0.2731832465,0.3554545090,0.3485727647,0.5225134845,0.3429479427,0.4744678293
24.934442452597093,where,function_words,5,3611.0000000000,0.0020038488,0.0084053475,0.0096749544,0.0171519991,0.0197277549,0.0169135797,0.0179327898
28.26695684051589,picnic,nouns,6,43.0000000000,0.0000290040,0.0000124574,0.0000140963,0.0000098594,0.0000127891,0.0000105059,0.0000127122
29.097456771435148,dump,verbs,4,155.0000000000,0.0001010470,0.0003544011,0.0003294286,0.0005955305,0.0004916377,0.0006852564,0.0005819090
22.409760305989487,lion,nouns,4,228.0000000000,0.0001502640,0.0015935349,0.0128590493,0.0046820199,0.0156870911,0.0042651184,0.0164743238
24.21439741452345,asleep,adjectives,6,94.0000000000,0.0000632420,0.0131655886,0.0171406010,0.0186734395,0.0912200989,0.0186744825,0.0912200989
29.50817065976502,are,verbs,3,8454.0000000000,0.0054785700,0.0518187978,0.1095408697,0.0884167058,0.1432541224,0.1116817212,0.1412661913
23.910157367327226,close,verbs,5,488.0000000000,0.0003107550,0.0012636241,0.0022938881,0.0014750380,0.0026718545,0.0014479999,0.0024321863
22.974800949322205,cheerios,nouns,8,117.0000000000,0.0000775079,0.0010438239,0.0004893870,0.0054785586,0.0015590280,0.0098277965,0.0016632477
23.431253818205107,noodles,nouns,7,50.0000000000,0.0000304306,0.0000415679,0.0000214951,0.0000453104,0.0000376577,0.0000428909,0.0000416973
25.318166364989327,hammer,nouns,6,91.0000000000,0.0000582490,0.0469453492,0.1331838460,0.0695578805,0.1883345620,0.0695585355,0.1883561720
21.352684281341027,arm,nouns,3,190.0000000000,0.0001066616,0.0029439353,0.0061716368,0.0049172173,0.0214618168,0.0046324373,0.0096007580
26.79170442539293,vitamins,nouns,8,6.0000000000,,,,,,,
31.7638041834888,camping,nouns,7,10.0000000000,,,,,,,
26.626570162972364,movie,nouns,5,55.0000000000,0.0000368502,0.0001739983,0.0002596020,0.0001970133,0.1000645407,0.0002011283,0.1000656307
26.626996187626478,away,function_words,4,1089.0000000000,0.0007002140,0.0374431384,0.0836919034,0.0684117106,0.1060542311,0.0609214001,0.0700846689
18.26724936913256,please,other,6,1034.0000000000,0.0006766750,0.0028043422,0.0074570141,0.0062633884,0.0132062666,0.0063073680,0.0132012543
28.763531028440283,behind,function_words,6,266.0000000000,0.0001673830,0.0268255197,0.0459440172,0.0343027952,0.0609711834,0.0341986833,0.0492964273
21.25888276481801,finger,nouns,6,275.0000000000,0.0001802230,0.0053824976,0.0130102226,0.0074060664,0.0135666161,0.0070617774,0.0136205604
23.079818407420326,yogurt,nouns,6,282.0000000000,0.0001845020,0.0006878454,0.0008148206,0.0008101150,0.0124854772,0.0008315878,0.0125031692
21.69856605357732,pants,nouns,5,397.0000000000,0.0002572580,0.0043945847,0.0143618457,0.0262844657,0.0513119163,0.0236150449,0.0525846788
29.685905777965196,we,function_words,2,9620.0000000000,0.0049920587,0.0439022951,0.0705264671,0.0728402809,0.0916732644,0.0728170309,0.0893230786
33.269012525348565,were,function_words,4,1319.0000000000,0.0008571390,0.0154807429,0.0533770381,0.0645107320,0.0679541075,0.0624930897,0.0695265048
21.027023137753037,toothbrush,nouns,10,64.0000000000,0.0000418433,0.0012296067,0.0040219398,0.0114285577,0.0238255207,0.0104301883,0.0275266475
24.36995791467729,comb,nouns,4,89.0000000000,0.0000553959,0.0002640984,0.0002648166,0.0006301720,0.0015442324,0.0005064148,0.0016996714
24.308850338948968,zipper,nouns,6,118.0000000000,0.0000767949,0.0005341633,0.0003933132,0.0079350679,0.0004220123,0.0071322041,0.0004381298
23.458849634086533,kitchen,nouns,7,236.0000000000,0.0001531170,0.0038560500,0.0216485407,0.0080850880,0.0204127116,0.0071966260,0.0174968785
5.992997935608164,daddy,other,5,1561.0000000000,0.0008895897,0.0073597207,0.0421797178,0.0242142363,0.0538883551,0.0234061491,0.0413771464
31.295531144730088,last,function_words,4,324.0000000000,0.0002123210,0.0012504934,0.0024255763,0.0020442843,0.0036208326,0.0080823343,0.0036060623
19.347285810351295,cow,nouns,3,435.0000000000,0.0002872170,0.0018673529,0.0059685951,0.0080358791,0.0204296510,0.0091798047,0.0110478715
35.10978623955793,country,nouns,7,21.0000000000,0.0000125982,0.0004173851,0.0002939435,0.0003644135,0.0002072214,0.0003797499,0.0002072214
25.98170931390344,jelly,nouns,5,81.0000000000,0.0000532560,0.0001900447,0.0001899549,0.0001801926,0.0004772140,0.0001690098,0.0004642945
27.5216184954435,jello,nouns,5,9.0000000000,0.0000054653,0.0000031476,0.0000034365,0.0000046068,0.0000043203,0.0000047967,0.0000043203
24.514364855949346,fix,verbs,3,440.0000000000,0.0002943490,0.0042665521,0.0152993407,0.0262694880,0.0454263835,0.0252985600,0.0557679261
27.164231295921894,jeans,nouns,5,23.0000000000,0.0000147381,0.0001392220,0.0000907743,0.0001226600,0.0003661310,0.0001254420,0.0003637150
25.894152559332856,sweep,verbs,5,54.0000000000,0.0000354237,0.0476639814,0.1028207908,0.1306129555,0.1801136011,0.0768457895,0.0409468098
22.124708164139303,walk,verbs,4,603.0000000000,0.0003942100,0.0028720259,0.0196775551,0.0072528160,0.0566709543,0.0075727697,0.0548857569
26.462440501205894,church,nouns,6,12.0000000000,,,,,,,
23.051548179889288,table,nouns,5,364.0000000000,0.0002379990,0.0230777499,0.0841403995,0.0211149899,0.0925391607,0.0215996238,0.0847246379
20.08579540638549,boat,nouns,4,204.0000000000,0.0001331450,0.0006056013,0.1263168884,0.0005100397,0.1384665509,0.0005139497,0.1384687441
25.52150145189776,belt,nouns,4,42.0000000000,0.0000275775,0.0000034018,0.0000009813,0.0000011837,0.0000003893,0.0000009811,0.0000007493
26.070384391700873,turkey,nouns,6,75.0000000000,0.0000468363,0.0001694262,0.0003781868,0.0001445595,0.0001608568,0.0001443334,0.0001904602
23.02420621845789,bathroom,nouns,8,61.0000000000,0.0000361369,0.0009370162,0.0028643952,0.0051620006,0.0021950182,0.0061373685,0.0019738326
28.10421228495712,mailman,other,7,6.0000000000,,,,,,,
30.08269831222402,tiny,adjectives,4,195.0000000000,0.0001281520,0.0694242888,0.1314219406,0.0864887531,0.1640074514,0.0909185909,0.0389284695
30.80300491551157,much,function_words,4,746.0000000000,0.0004905060,0.0311691730,0.1520263471,0.0883936505,0.1945133290,0.0853199699,0.2040338212
24.470974497032103,helicopter,nouns,10,42.0000000000,0.0000268641,0.0005494890,0.0004939180,0.0004071850,0.0003145440,0.0004231590,0.0003058660
25.983427927044055,empty,adjectives,5,106.0000000000,0.0000710884,0.0002983057,0.0018095484,0.0004154615,0.0011475984,0.0004096495,0.0011407584
26.233841869294558,penny,nouns,5,15.0000000000,0.0000090318,0.0000181920,0.0000153878,0.0000169057,0.0000057558,0.0000158204,0.0000063842
25.370190794370977,shopping,other,8,65.0000000000,0.0000425566,0.0012001903,0.0017156677,0.0067188633,0.0460087163,0.0060032233,0.0556910497
24.493049112250908,squirrel,nouns,8,90.0000000000,0.0000568224,0.0004112678,0.0016007338,0.0020726049,0.0081175790,0.0018511617,0.0094247735
25.77860554389055,deer,nouns,4,22.0000000000,,,,,,,
23.32230585720855,tiger,nouns,5,105.0000000000,0.0000689483,0.0034210744,0.0471871560,0.0061152752,0.0886345755,0.0061224846,0.0886132300
25.60152522070589,awake,adjectives,5,39.0000000000,0.0000247243,0.0000120130,0.0000055324,0.0000153115,0.0000024336,0.0000159428,0.0000024336
31.335733605427446,child,other,5,55.0000000000,0.0000368502,0.0004941465,0.0123413950,0.0003794565,0.0179670550,0.0003997190,0.0179280300
24.958939069878397,catch,verbs,5,248.0000000000,0.0001573970,0.0013142988,0.0150970554,0.0014834460,0.0106185057,0.0015366061,0.0104385715
25.644365109631014,careful,adjectives,7,596.0000000000,0.0003856510,0.0239339775,0.1081955686,0.0660840317,0.1363918933,0.0633826388,0.1030285970
24.767945760288946,present,nouns,7,116.0000000000,0.0000753682,0.0068957041,0.0354974999,0.0203338011,0.0642488893,0.0184694282,0.0362059933
30.566757569071164,tonight,other,7,117.0000000000,0.0000599576,0.0010720303,0.0026571899,0.0011762288,0.0118106897,0.0010648946,0.0118106900
30.207240847185172,myself,function_words,6,62.0000000000,0.0000389901,0.0002208402,0.0002716692,0.0002765694,0.0204336889,0.0002907035,0.0204243909
23.36241622133579,look,verbs,4,5442.0000000000,0.0035405500,0.0098163095,0.0130781711,0.0292475865,0.0285307334,0.0298092589,0.0270569032
17.036603092417625,juice,nouns,5,720.0000000000,0.0004726730,0.0963216869,0.1036292343,0.1234589400,0.1222412792,0.1241230140,0.1215381200
28.51929236615699,these,function_words,5,1671.0000000000,0.0010896700,0.0094692330,0.0247672254,0.0230527429,0.0362120680,0.0230538659,0.0314839856
30.75944653178109,vanilla,nouns,7,41.0000000000,0.0000268641,0.0000121884,0.0000102149,0.0000060805,0.0000063035,0.0000049426,0.0000151757
18.579292670540816,cracker,nouns,7,88.0000000000,0.0000546826,0.0000468592,0.0000452732,0.0001315079,0.0000942804,0.0001578327,0.0001453222
26.69203069324091,chalk,nouns,5,28.0000000000,0.0000175913,0.0004383590,0.0003621200,0.0004077930,0.0750743000,0.0004246070,0.0750743000
21.58774742222383,bathtub,nouns,7,22.0000000000,0.0000133115,0.0002795800,0.0007416515,0.0001887305,0.0005785477,0.0001708075,0.0002490089
17.326149519899527,vroom,other,5,54.0000000000,0.0000311439,0.1469586145,0.1866223842,0.2379759479,0.2290764119,0.2379715777,0.2291046368
27.790262719660067,is,function_words,2,14955.0000000000,0.0097255200,0.0528161242,0.1559205481,0.1206691544,0.2065641035,0.1201801094,0.1770902113
24.293315013742088,purse,nouns,5,46.0000000000,0.0000282907,0.0012239087,0.0022266675,0.0034997099,0.0037309170,0.0027530389,0.0021387278
25.57878671347009,it,function_words,2,21427.0000000000,0.0115906890,0.0843834881,0.1179594492,0.1459619002,0.1523782936,0.1445397754,0.1384641324
30.374043507420375,rip,verbs,3,35.0000000000,,,,,,,
26.240339037510658,quiet,adjectives,5,131.0000000000,0.0000889208,0.0031900500,0.0031968700,0.0064084500,0.0022775900,0.0060596200,0.0022775900
24.332842460239696,tissue,nouns,6,124.0000000000,0.0000825012,0.0014202838,0.0284970459,0.0010894883,0.0223390964,0.0009956195,0.0216476115
22.48282641301971,mouse,nouns,5,254.0000000000,0.0001659560,0.0013723297,0.0014852545,0.0018946678,0.0044794658,0.0017736782,0.0043181511
27.57902312742923,chase,verbs,5,37.0000000000,0.0000240109,0.0012009760,0.0011826000,0.0013001005,0.0115032155,0.0012787440,0.0115051255
21.217608242258283,shirt,nouns,5,425.0000000000,0.0002758040,0.0830022424,0.1176260246,0.1450705432,0.1570080233,0.1393219721,0.1379912511
24.211752726036128,doctor,nouns,6,135.0000000000,0.0000903473,0.0006522212,0.0107582605,0.0008938934,0.0475607601,0.0007976277,0.0415158601
26.230698656361643,make,verbs,4,2187.0000000000,0.0014120800,0.0196469159,0.0310160905,0.0393672662,0.0586176536,0.0392634342,0.0526666552
22.09091344049576,bowl,nouns,4,367.0000000000,0.0002273000,0.0052997422,0.0096148667,0.0257107404,0.0608471951,0.0247980235,0.1172173133
30.58358597050916,same,function_words,4,250.0000000000,0.0001638170,0.0050302800,0.0185795300,0.0068618311,0.0150048611,0.0068385878,0.0127807811
33.17288462996534,beside,function_words,6,8.0000000000,0.0000047520,0.0004520610,0.0007566690,0.0008953430,0.0136577000,0.0009477180,0.0136577000
25.52092074475229,party,nouns,5,141.0000000000,0.0000946270,0.0235069192,0.0764464175,0.0369297520,0.0726533107,0.0369212642,0.0726496626
19.988169884505943,bunny,nouns,5,694.0000000000,0.0004219795,0.0597728765,0.1328375133,0.0670134244,0.1447927579,0.0680125662,0.1110029799
28.575191074234873,moose,nouns,5,71.0000000000,0.0000482629,0.0002147400,0.0008157560,0.0004104550,0.0019548400,0.0004328450,0.0027795200
27.659389076121307,finish,verbs,6,248.0000000000,0.0001631030,0.0010433907,0.0013971213,0.0019370507,0.0019666313,0.0017736824,0.0020091213
27.52787558732993,fireman,nouns,7,5.0000000000,0.0000026121,0.0000028840,0.0000019609,0.0000047929,0.0000032270,0.0000049905,0.0000032270
20.689797435764795,keys,nouns,4,87.0000000000,0.0000582490,0.0002542891,0.0003480770,0.0002851648,0.0002508843,0.0002894403,0.0002508843
32.20237130674635,yesterday,other,9,225.0000000000,0.0001445580,0.0010773783,0.0028392238,0.0023376001,0.0038790037,0.0022431724,0.0038813309
21.64380533887888,rain,nouns,4,189.0000000000,0.0001224460,0.0096214546,0.0637630253,0.0293596596,0.0894459596,0.0252152748,0.0279064008
20.660983298009953,hand,nouns,4,744.0000000000,0.0004819460,0.0126874719,0.0558925343,0.0374507293,0.0818814157,0.0326693338,0.0707139501
29.72224941604185,tuna,nouns,4,18.0000000000,0.0000104583,0.0000075330,0.0000115296,0.0000072843,0.0000093117,0.0000069390,0.0000091724
23.950280070138305,butter,nouns,6,229.0000000000,0.0001388510,0.1426590764,0.1967468176,0.2572857401,0.2491501049,0.2547051604,0.2491499077
20.99078870099858,off,function_words,3,2094.0000000000,0.0013521700,0.0205457566,0.0642955674,0.0449519743,0.1027195261,0.0438933657,0.0931311422
23.440536333520264,i,function_words,1,18527.0000000000,0.0094622664,0.0331266962,0.0474110006,0.0664652003,0.0729518835,0.0681016810,0.0691828028
22.846318163158593,cheek,nouns,5,29.0000000000,0.0000175913,0.0002629550,0.0001702610,0.0002200030,0.0001076360,0.0002313970,0.0001036780
32.130835415959076,person,other,6,134.0000000000,0.0000903473,0.0019801732,0.0039530855,0.0039990527,0.0022813928,0.0036991143,0.0022216605
18.41670221759761,bottle,nouns,6,347.0000000000,0.0002344330,0.0030315932,0.0066553525,0.0126263120,0.0635416189,0.0125952976,0.0702255780
20.58299615140345,telephone,nouns,9,103.0000000000,0.0000350586,0.0003708864,0.0001883938,0.0002441062,0.0001384703,0.0002542689,0.0001384659
27.16072397710449,the,function_words,3,42684.0000000000,0.0276863000,0.1541796493,0.2002072644,0.2749491271,0.2427689374,0.2727945405,0.2163227870
26.805706764213422,snowman,nouns,7,77.0000000000,0.0000496896,0.0001843624,0.0001446310,0.0010279715,0.0000935173,0.0008285610,0.0001016806
30.90308274402285,they,function_words,4,3487.0000000000,0.0019021292,0.0207049713,0.0263501976,0.0331705810,0.0360079728,0.0335404325,0.0350026580
22.850714916517248,money,nouns,5,156.0000000000,0.0001031870,0.0051821134,0.0063730680,0.0454829169,0.0370348487,0.0390186539,0.0364088487
24.98855916199071,sleepy,adjectives,6,406.0000000000,0.0002679580,0.0025968143,0.0097259202,0.0040109903,0.0150382911,0.0040695266,0.0149952161
27.32407981449064,not,function_words,3,4297.0000000000,0.0027944400,0.0429115802,0.0789306949,0.0732439147,0.1061089943,0.0728847466,0.0974112374
25.401583947644802,touch,verbs,5,284.0000000000,0.0001823620,0.0039276870,0.0101658266,0.0088862258,0.0245672491,0.0118836777,0.0228482643
17.53421910142556,yes,other,3,2670.0000000000,0.0017573200,0.0077931136,0.0124981368,0.0164295747,0.0229327730,0.0162124903,0.0153559885
28.84619680904913,glue,nouns,4,77.0000000000,0.0000511161,0.0000490433,0.0176680597,0.0000601222,0.0323127379,0.0000600961,0.0323133351
23.475497454010558,blow,verbs,4,206.0000000000,0.0001324320,0.0006470884,0.0010050079,0.0011103971,0.0021713675,0.0010482376,0.0023967085
26.018792616307717,cut,verbs,3,254.0000000000,0.0001645300,0.0015353745,0.0024411286,0.0024093130,0.0025721882,0.0023094037,0.0028135295
18.916004807393705,cup,nouns,3,423.0000000000,0.0002736640,0.0030841791,0.0073228679,0.0099190541,0.0309234233,0.0100686307,0.0259634684
23.69017926293166,sky,nouns,3,229.0000000000,0.0001474110,0.0025875681,0.0040836379,0.0048712369,0.0036547731,0.0043082884,0.0026982174
30.24185720921425,bench,nouns,5,23.0000000000,0.0000140248,0.0001829511,0.0001783989,0.0002053902,0.0004367482,0.0002146306,0.0004273936
28.495280602641806,other,function_words,5,1491.0000000000,0.0009676980,0.0188711258,0.0503445531,0.0695119304,0.0665373573,0.0804739368,0.0624170486
21.989741924188575,wet,adjectives,3,321.0000000000,0.0002080410,0.0054356956,0.0165568656,0.0083419213,0.0463756983,0.0076863273,0.0387726869
17.886603320422793,hat,nouns,3,690.0000000000,0.0004498470,0.0071111587,0.0128768136,0.0271059668,0.0234367503,0.0240818778,0.0169481829
23.91127119581957,kick,verbs,4,109.0000000000,0.0000739416,0.0002589370,0.0002076280,0.0002880180,0.0003059420,0.0002722325,0.0003107455
26.3940526746238,take,verbs,4,1928.0000000000,0.0012501600,0.0127812924,0.0164827282,0.0285065264,0.0264789756,0.0257824817,0.0250078241
24.063077171632443,swim,verbs,4,106.0000000000,0.0000689483,0.0002895037,0.0009007887,0.0003136287,0.0014864451,0.0002954727,0.0014868390
29.45133139552865,around,function_words,6,1062.0000000000,0.0006952210,0.0297131172,0.1405210147,0.0591567110,0.1707997810,0.0602811700,0.1319346893
25.793296631056954,sticky,adjectives,6,231.0000000000,0.0001516910,0.0027243771,0.0066186304,0.0193581768,0.0561783235,0.0178152279,0.0562648972
22.009640311747326,read,verbs,4,1488.0000000000,0.0009477260,0.0229452294,0.0396144638,0.0692730175,0.0727893872,0.0741978420,0.0746595473
21.921187855870247,big,adjectives,3,2948.0000000000,0.0019078200,0.0152921613,0.0302273935,0.0510084706,0.0516222813,0.0520254013,0.0559005115
28.659922749377788,mop,nouns,3,40.0000000000,0.0000261508,0.0002302660,0.0025348035,0.0002785030,0.0014520977,0.0002750525,0.0014520977
23.093652913963467,bib,nouns,3,141.0000000000,0.0000903473,0.0018394731,0.0084198938,0.0026960614,0.0193430217,0.0036174350,0.0307714084
25.355625377734643,dark,adjectives,4,160.0000000000,0.0001067530,0.0009219033,0.0030363960,0.0010824393,0.0079719433,0.0011033580,0.0080037947
25.669040209686422,game,nouns,4,221.0000000000,0.0001445580,0.0185642118,0.0964820758,0.0287095274,0.1268196278,0.0359782976,0.1263375033
27.4925485515808,dryer,nouns,5,26.0000000000,0.0000175913,0.0000364037,0.0000921365,0.0000517547,0.0000701953,0.0000537821,0.0000701953
14.991029451397289,moo,other,3,493.0000000000,0.0003228810,0.0236333013,0.0788156742,0.0637644562,0.1198823024,0.0647392331,0.1110208253
23.954083927782637,vacuum,nouns,6,50.0000000000,0.0000339970,0.0000265346,0.0000257677,0.0003053270,0.0002069170,0.0003771250,0.0003223170
27.33099752548123,lady,other,4,141.0000000000,0.0000932005,0.0324201482,0.1920074945,0.0443745773,0.2350197072,0.0442392843,0.2349487461
26.853603582519426,shoulder,nouns,8,19.0000000000,0.0000111716,0.0003922030,0.0004359200,0.0004340560,0.0003451870,0.0004089260,0.0003451870
25.13914143345463,knock,verbs,5,202.0000000000,0.0001317180,0.1479356832,0.1950984303,0.1730719018,0.3696734220,0.1706258602,0.2871701278
23.88484931494953,trash,nouns,5,84.0000000000,0.0000561092,0.0000270449,0.0000257814,0.0000130342,0.0000136124,0.0000108024,0.0000261992
22.581782241121555,towel,nouns,5,133.0000000000,0.0000839276,0.0132716129,0.0529685135,0.0257278856,0.0590544905,0.0257020827,0.0590586378
25.38020744759077,like,verbs,4,7479.0000000000,0.0048587200,0.0839989671,0.2533762884,0.1165719860,0.2785798836,0.1186291700,0.2358948078
29.82427488372612,sofa,nouns,4,27.0000000000,0.0000168780,0.0002731590,0.0001524265,0.0002028860,0.0012279000,0.0001992105,0.0012279000
21.98201665919736,candy,nouns,5,83.0000000000,0.0000546826,0.0000348847,0.0000615510,0.0000333625,0.0000596602,0.0000324037,0.0000668148
26.11636380001035,garage,nouns,6,49.0000000000,0.0000275775,0.0003538860,0.0010524221,0.0009080248,0.0011782068,0.0007551059,0.0011559385
16.420358577245377,nose,nouns,4,931.0000000000,0.0006060590,0.0295927724,0.1116051313,0.0516153233,0.1399145962,0.0476344078,0.1160359199
24.002431797110265,night,other,5,797.0000000000,0.0005275970,0.0660378726,0.1841054546,0.0967240828,0.1804962635,0.0972356971,0.1774512082
25.596843825566516,soft,adjectives,4,176.0000000000,0.0001117460,0.0035675892,0.0473799715,0.0627394529,0.0839383944,0.0502437402,0.0317790658
23.16713874031413,clap,verbs,4,282.0000000000,0.0001852150,0.0291286084,0.1028845984,0.0823156309,0.1797909520,0.0859427362,0.1795554545
29.153056467450728,sneaker,nouns,7,5.0000000000,,,,,,,
30.344874631734854,because,function_words,7,1515.0000000000,0.0009848180,0.0019228562,0.0033687836,0.0057653286,0.0088365635,0.0053646583,0.0080503029
29.05638492008521,old,adjectives,3,493.0000000000,0.0003243080,0.0566886312,0.1232055272,0.0828632374,0.1352951526,0.0870794050,0.1179144885
21.48265388117526,doll,nouns,4,108.0000000000,0.0000718016,0.0049065220,0.0045361917,0.0081697500,0.0148061217,0.0079093977,0.0148038550
26.09682199691681,scared,adjectives,6,96.0000000000,0.0000618156,0.0006605425,0.0010281163,0.0127575567,0.0348315346,0.0113012501,0.0130590285
25.73786320172573,some,function_words,4,4807.0000000000,0.0031040200,0.0431052611,0.0782795593,0.1008975657,0.1194815782,0.1019222390,0.1267645398
25.694313554159017,back,function_words,4,2949.0000000000,0.0019121000,0.0178617038,0.1152061537,0.0509224210,0.1448601648,0.0545544713,0.1233148600
19.08219198825841,hair,nouns,4,717.0000000000,0.0004669670,0.0109592201,0.1062761257,0.0211215983,0.1413131373,0.0183699042,0.1319402813
24.804813562021888,lips,nouns,4,28.0000000000,0.0000183046,0.0003948200,0.0004596670,0.0004618580,0.0002966870,0.0004833590,0.0002949915
26.621579556934968,clown,nouns,5,87.0000000000,0.0000434440,0.0007514469,0.0010466866,0.0010726214,0.0013570191,0.0011095417,0.0013663272
21.12817122458129,home,nouns,4,579.0000000000,0.0003785180,0.0291149250,0.0630291556,0.0487280403,0.0958439793,0.0455021210,0.0554531124
28.464527526400584,for,function_words,3,5867.0000000000,0.0038244400,0.0391519143,0.0728628428,0.0814960031,0.1105868901,0.0811180495,0.0990682417
22.208924447790924,ice,nouns,3,240.0000000000,0.0001552570,0.0012868843,0.0009261058,0.0052249186,0.0054598767,0.0050108196,0.0109136614
20.238245801757934,moon,nouns,4,273.0000000000,0.0001766560,0.0018320227,0.0024244978,0.0161264589,0.0228486820,0.0160484519,0.0101266194
23.285984844927288,pen,nouns,3,111.0000000000,0.0000739416,0.0007328810,0.0038534948,0.0011239466,0.0046226840,0.0008343915,0.0046362140
24.659842638201127,knife,nouns,5,44.0000000000,,,,,,,
30.23100588263289,be,verbs,2,3707.0000000000,0.0024206800,0.0905895469,0.2058554875,0.1189203637,0.2208578911,0.1210120008,0.1715686193
26.66637781621409,hose,nouns,4,30.0000000000,0.0000204445,0.0003850590,0.0004882050,0.0003272620,0.0003341270,0.0003109300,0.0003227320
23.158669039479047,run,verbs,3,305.0000000000,0.0001902090,0.0150594158,0.0795878067,0.0164558288,0.0694717846,0.0146773231,0.0699476596
23.46674357973766,corn,nouns,4,99.0000000000,0.0000646687,0.0004304298,0.0027583677,0.0005386312,0.0029881683,0.0005393366,0.0030198920
21.4775355111836,rock,nouns,4,218.0000000000,0.0001431310,0.0712971401,0.1082017391,0.0680731325,0.1293703447,0.0679432571,0.1330458848
22.97510074920139,broken,adjectives,6,128.0000000000,0.0000832143,0.0001966351,0.0001456865,0.0002027273,0.0001116156,0.0002020275,0.0001126503
28.65988648474291,by,function_words,2,761.0000000000,0.0004926450,0.0247090881,0.0451337362,0.0388620217,0.0606539373,0.0436133616,0.0611187022
27.844406411253942,noisy,adjectives,5,47.0000000000,0.0000290040,0.0009881293,0.0125841817,0.0013345897,0.0136614923,0.0013738310,0.0136591853
21.22535303520744,on,function_words,2,12259.0000000000,0.0079501799,0.1167287468,0.1832190831,0.1845161181,0.2388702948,0.1837194088,0.2152476720
33.141085281171215,about,function_words,5,2481.0000000000,0.0016146600,0.1430844895,0.1888119733,0.2110784320,0.2492194950,0.2166320808,0.2331381714
25.20390567804497,zoo,nouns,3,178.0000000000,0.0001181660,0.0021100400,0.0089013032,0.0051814723,0.0076620744,0.0049761997,0.0075109812
30.264771664217854,cowboy,nouns,6,7.0000000000,,,,,,,
15.845760995327305,meow,other,4,336.0000000000,0.0002151740,0.1508039703,0.1682410880,0.3170426274,0.2963966867,0.3199266058,0.2076723559
31.963377965936605,of,function_words,2,7484.0000000000,0.0048886700,0.3011902022,0.3851359853,0.4379446844,0.4661091658,0.4334201238,0.3724305519
18.36246395092348,truck,nouns,5,577.0000000000,0.0003706720,0.1011405351,0.1615631174,0.1187679621,0.1842871615,0.1169029014,0.1804648770
23.92153073381113,dinner,other,6,218.0000000000,0.0001409910,0.0048853141,0.0427849316,0.0038835766,0.0312934701,0.0039015396,0.0313152217
24.05082353418883,beans,nouns,5,183.0000000000,0.0001174520,0.0236325594,0.0337976276,0.0449732700,0.0271886393,0.0417847267,0.0229115270
25.841415085348505,stand,verbs,5,368.0000000000,0.0002408520,0.0011526385,0.0017006543,0.0037352044,0.0033035178,0.0043887328,0.0033665736
22.74909345455812,tongue,nouns,6,155.0000000000,0.0001003340,0.0098720890,0.0110273738,0.0519865577,0.0173120923,0.0461445725,0.0155864981
20.94147539445716,block,nouns,5,262.0000000000,0.0001716630,0.0009263387,0.0009417400,0.0019006995,0.0008970717,0.0014323113,0.0008732531
23.119522240819222,owl,nouns,3,142.0000000000,0.0000762242,0.0040076862,0.0082426930,0.0101084232,0.0067122664,0.0093969500,0.0067864090
25.71671716564076,garbage,nouns,7,103.0000000000,0.0000660952,0.0009538957,0.0043047920,0.0013836686,0.0067041529,0.0012027963,0.0033422046
5.455265802639698,mommy,other,5,6100.0000000000,0.0039542600,0.0168117855,0.0306170229,0.0654326432,0.0595261472,0.0653482700,0.0683124694
17.496925632353925,bath,other,4,389.0000000000,0.0002565450,0.0072923703,0.0224189581,0.0224526613,0.0335859446,0.0225098393,0.0439756456
19.189800510809985,down,function_words,4,3683.0000000000,0.0023978600,0.1691407954,0.2362516705,0.2176421969,0.2569940844,0.2163832199,0.2157257336
21.40072880099775,brush,nouns,5,313.0000000000,0.0002108940,0.0011924340,0.0019905791,0.0013477797,0.0036506352,0.0013474664,0.0032296468
28.750177187619876,your,function_words,4,13030.0000000000,0.0084715500,0.0673512670,0.0974224888,0.1264116245,0.1275313597,0.1293687015,0.1160180831
29.35398917455317,her,function_words,3,2448.0000000000,0.0015861200,0.0154041983,0.0287470084,0.0268451644,0.0484918499,0.0260477832,0.0487173597
26.569330981056595,people,other,6,525.0000000000,0.0003449940,0.0032603355,0.0071582044,0.0051596264,0.0320189559,0.0049121022,0.0251704859
20.140020684435843,sock,nouns,4,180.0000000000,0.0001181660,0.0016593328,0.0033079170,0.0201138623,0.0050668655,0.0170420040,0.0050753250
29.52525509743109,long,adjectives,4,533.0000000000,0.0003464200,0.0074595173,0.0904574565,0.0221543647,0.0971808692,0.0222948002,0.0444807437
25.17180284356402,stuck,adjectives,5,398.0000000000,0.0002622520,0.0016680272,0.0073000022,0.0017284171,0.0146744680,0.0018300434,0.0147892612
24.929076436599434,splash,verbs,6,131.0000000000,0.0000796479,0.1564561993,0.2388103862,0.2689071146,0.4354889581,0.2715691839,0.4575533809
29.41009640234877,hen,nouns,3,50.0000000000,0.0000311439,0.0033767764,0.0328328902,0.0044327238,0.0193204401,0.0044320344,0.0193242926
31.11288800161179,was,function_words,3,3873.0000000000,0.0025305300,0.0286370602,0.0787714157,0.0637170001,0.1154847479,0.0665521916,0.1088301368
23.67944273542684,happy,adjectives,5,493.0000000000,0.0003143210,0.0104565948,0.1646866393,0.0170207665,0.1575228692,0.0160399206,0.1041843458
21.449167503891932,fork,nouns,4,69.0000000000,0.0000446964,0.0004302400,0.0002756430,0.0003555393,0.0002117203,0.0003499867,0.0002092887
20.99657537580327,head,nouns,4,846.0000000000,0.0005468560,0.0374011123,0.1367470803,0.0598987339,0.1612387446,0.0581430772,0.1421690256
27.025295493418227,buy,verbs,3,210.0000000000,0.0001367110,0.0024397608,0.0166503690,0.0042458172,0.0284175045,0.0038484254,0.0200310103
34.28383967308888,an,function_words,2,1334.0000000000,0.0008671260,0.0134430517,0.0192957184,0.0203950976,0.0346160827,0.0203138986,0.0348564160
20.361468133659606,bus,nouns,3,451.0000000000,0.0002936360,0.0271945292,0.0961872646,0.0736222910,0.1290438823,0.0716953803,0.1006208098
27.804633484631076,coke,nouns,4,3.0000000000,0.0000014820,0.0000018667,0.0000037917,0.0000022316,0.0000026556,0.0000021247,0.0000026556
32.24008008685165,but,function_words,3,2875.0000000000,0.0018650200,0.0043208060,0.0154261432,0.0093003347,0.0253071922,0.0092849564,0.0227424267
14.470800817430653,hi,other,2,1836.0000000000,0.0011916700,0.0189812830,0.0218908043,0.0587866023,0.0508973532,0.0604941821,0.0608605976
26.372988325140113,hear,verbs,4,583.0000000000,0.0003870780,0.0043408520,0.0111410470,0.0078662758,0.0265034270,0.0069549927,0.0243347793
18.746570192760966,diaper,nouns,6,468.0000000000,0.0003000560,0.0089328090,0.2176664212,0.0134537758,0.2259714855,0.0120046973,0.1524299797
22.213002552158574,turtle,nouns,6,177.0000000000,0.0001081800,0.0008428292,0.0007714094,0.0010454590,0.0008665097,0.0010092144,0.0008919399
17.393372555046813,ear,nouns,3,206.0000000000,0.0001302920,0.0031447627,0.0539483406,0.0169220641,0.0697696318,0.0146530462,0.0148434243
27.572078077067108,with,function_words,4,5940.0000000000,0.0038708000,0.1252696455,0.1724814088,0.1680663777,0.2129690914,0.1710499488,0.1759472856
19.560763533293734,eat,verbs,3,2056.0000000000,0.0013207800,0.0167858273,0.0478139226,0.0337153986,0.0695400787,0.0397201781,0.0661241475
27.7346880249865,he,function_words,2,5502.0000000000,0.0029346246,0.0161847846,0.0260923708,0.0355722683,0.0371702907,0.0356939300,0.0370028643
25.65000769510631,pull,verbs,4,508.0000000000,0.0003335810,0.0039388261,0.0745520537,0.0070784608,0.0920148379,0.0069054567,0.1023355830
32.48806268805541,wish,verbs,4,81.0000000000,0.0000532560,0.0012802351,0.0012907356,0.0010714024,0.0761455270,0.0011153977,0.0761455270
23.321551313837514,inside,function_words,6,443.0000000000,0.0002850770,0.0027699583,0.0106593476,0.0149054599,0.0192331821,0.0146206707,0.0140346439
25.514061279054907,bucket,nouns,6,135.0000000000,0.0000896341,0.0007103289,0.0028517920,0.0005520937,0.0021302700,0.0005554337,0.0022839876
18.601154903182746,up,function_words,2,7068.0000000000,0.0045520000,0.0966128811,0.2052576548,0.1581049441,0.2558050064,0.1544601292,0.2124841333
32.33955954427653,us,function_words,2,411.0000000000,0.0002651040,0.0182316234,0.0366405703,0.0305046434,0.0357008176,0.0284684921,0.0369591197
23.602465043741702,strawberry,nouns,10,87.0000000000,0.0000568224,0.0002982795,0.0004168015,0.0003246205,0.0003293135,0.0003342545,0.0003293135
21.738412367186736,dirty,adjectives,5,451.0000000000,0.0002893560,0.0022236333,0.0038128662,0.0097007483,0.0061405216,0.0063862252,0.0053002672
21.578199279630986,cake,nouns,4,247.0000000000,0.0001631030,0.0682510997,0.1635550592,0.1146159079,0.1835210076,0.1098942894,0.1528825224
22.918538986151127,grass,nouns,5,169.0000000000,0.0001060400,0.0016763040,0.0027860736,0.0227449729,0.0059500058,0.0192756389,0.0057193521
27.251047307200825,later,other,5,345.0000000000,0.0002294390,0.0024567403,0.0371568568,0.0195748070,0.0249393685,0.0168702813,0.0247914861
27.508425426361534,taste,verbs,5,162.0000000000,0.0001067530,0.0048390154,0.0211612827,0.0031984492,0.0219514448,0.0032463417,0.0218389448
30.679179699408568,circus,nouns,6,47.0000000000,0.0000304306,0.0003251983,0.0004134669,0.0007836253,0.0002950673,0.0006559353,0.0002950673
28.863047153324604,am,verbs,2,382.0000000000,0.0002451320,0.0073283393,0.0715270268,0.0071292030,0.0756766899,0.0084578835,0.0496862504
23.753175607328497,hungry,adjectives,6,339.0000000000,0.0002187400,0.0084863739,0.0134317119,0.0249620025,0.0515759431,0.0228158686,0.0510390554
28.095955645766807,at,function_words,2,4309.0000000000,0.0028201200,0.2148195700,0.2324166944,0.3525778928,0.3408847286,0.3488363910,0.3245804644
21.245321824457406,tooth,nouns,5,104.0000000000,0.0000668085,0.1315108567,0.0850160183,0.1274702082,0.1256313743,0.1316788487,0.1390011438
13.441266800006373,no,other,2,8130.0000000000,0.0053102400,0.0434296723,0.0551765905,0.1075612387,0.1186716253,0.1077896758,0.1100787316
31.336940112482942,when,function_words,4,1766.0000000000,0.0011396000,0.0031928195,0.0072310058,0.0062821455,0.0179412801,0.0060395128,0.0171656035
22.085391390122343,nap,other,3,174.0000000000,0.0001138860,0.0024494658,0.0316760281,0.0022454702,0.0668812022,0.0022291229,0.0671116205
15.205624821539185,book,nouns,4,2511.0000000000,0.0016303500,0.0241108505,0.1112019128,0.0629408979,0.1440319677,0.0615887749,0.1205814023
26.082915538367747,sick,adjectives,4,131.0000000000,0.0000832143,0.0014225729,0.0344057619,0.0165407082,0.0743800593,0.0271276057,0.0794290338
23.52378516101989,you,function_words,3,53910.0000000000,0.0318570835,0.1787535985,0.2768107215,0.2948075797,0.3467841109,0.2921142964,0.3162284523
20.21837159170079,puppy,nouns,5,402.0000000000,0.0002629640,0.0032177662,0.0046822653,0.0054918195,0.0053813968,0.0054663470,0.0053855458
24.773704767763466,nice,adjectives,4,1324.0000000000,0.0008542850,0.0257733751,0.0555781915,0.0383470475,0.0711683012,0.0398384269,0.0638098361
32.84347342850902,poor,adjectives,4,144.0000000000,0.0000924873,0.0001991828,0.0002010380,0.0008929451,0.0008938621,0.0010967156,0.0010555990
23.542781699729186,picture,nouns,7,710.0000000000,0.0004641130,0.0059549174,0.0831254568,0.0288044923,0.1141089760,0.0252042662,0.1138881505
25.009625852382747,draw,verbs,4,270.0000000000,0.0001795090,0.0021469076,0.0025027775,0.0020344311,0.0023892250,0.0021492494,0.0027225950
21.955849470159887,star,nouns,4,231.0000000000,0.0001573970,0.0009552300,0.0006758005,0.0055721405,0.0025754150,0.0055056420,0.0025935100
23.476581689290658,plate,nouns,5,90.0000000000,,,,,,,
24.035300465372373,peas,nouns,4,86.0000000000,0.0000575357,0.0004044894,0.0002652746,0.0006759237,0.0005157317,0.0007798303,0.0005908613
25.95734056521597,stay,verbs,4,461.0000000000,0.0003007690,0.0015103133,0.0031331618,0.0056043171,0.0040621784,0.0055742972,0.0040692155
33.19021471158396,walker,nouns,6,30.0000000000,0.0000204445,0.0006811420,0.0004751050,0.2010290000,0.1341950000,0.2445190000,0.2187990000
24.01011222360401,hurt,adjectives,4,352.0000000000,0.0002301530,0.0019211240,0.0123989984,0.0031153920,0.0201501686,0.0030025746,0.0208750035
23.020809262683233,pool,nouns,4,82.0000000000,0.0000518294,0.0109382651,0.1033280344,0.0242022407,0.1854299220,0.0250775663,0.1972918203
24.7161152135278,potato,nouns,6,127.0000000000,0.0000832143,0.0075186088,0.0085517810,0.0249676378,0.0062348810,0.0319797662,0.0062207442
13.087410807556054,dog,nouns,3,596.0000000000,0.0003856510,0.0070375848,0.0220847313,0.0190068399,0.0422726187,0.0188866132,0.0403097354
24.722979673554264,stroller,nouns,8,86.0000000000,0.0000561092,0.0009667280,0.0184548293,0.0011962957,0.0402054667,0.0009120423,0.0401959333
23.30301726312652,jacket,nouns,6,70.0000000000,0.0000461230,0.0417085193,0.0737336667,0.1009834093,0.1641224533,0.0888712897,0.0627577867
30.578769422092474,time,other,4,1351.0000000000,0.0008728300,0.0379949884,0.1080480247,0.0671577973,0.1368771272,0.0677876632,0.1077668018
24.068086819687988,push,verbs,4,726.0000000000,0.0004641130,0.0123775620,0.0334781264,0.0198426866,0.0399974407,0.0190034749,0.0399251225
26.320500440445766,wake,verbs,4,114.0000000000,0.0000732283,0.0000958631,0.0015563471,0.0001364266,0.0020459965,0.0001428020,0.0020862636
18.627453165088447,hello,other,5,1207.0000000000,0.0007900890,0.0057087690,0.0064015851,0.0251198190,0.0216998886,0.0259701215,0.0263355026
